group_name,int_id,id,length,parent_name,route_name,route_parent_id,opposite_route_int_id
7,332,6fbcf6e7-84ec-49cb-97f3-493be60c89f5,10480.424300616667,PRŽAN - NOVE JARŠE,NOVE JARŠE;  osnovna,a6b87870-0413-41b0-b14c-b60695116a31,333
7,333,d5d18066-ddcf-4eba-b415-34edf9331491,10795.267116559708,NOVE JARŠE - PRŽAN,PRŽAN;  osnovna,de2dc675-8b5c-4683-a938-f51d922da9e6,332
22,341,de787abe-5a68-449a-babe-a99bca3ac55b,11966.944076636655,KAMNA GORICA - FUŽINE P+R,FUŽINE P+R;  osnovna,1960a8ae-5f4d-4f68-aeb1-9f065f5f7f57,342
22,342,cc6c0e71-79c0-4b7b-93b5-30045140af17,12000.066948101301,FUŽINE P+R - KAMNA GORICA,KAMNA GORICA;  osnovna,d639e05c-ca41-4aef-b0a2-ec22e31b0412,341
6,345,17cb13c3-2028-47f8-ae70-918d4de54378,11222.846693552665,DOLGI MOST P+R - ČRNUČE,ČRNUČE;  osnovna,f10ccfa3-0b2f-4b9f-8c55-5ff97c248d6f,1564
5,346,d532a61e-620c-4eb1-9a76-2a9e989213f5,11942.083902010627,PODUTIK - ŠTEPANJSKO NAS.,ŠTEPANJSKO NAS.;  osnovna,e1b9c46e-798c-4e48-b81e-6f12d7272746,652
12,363,2d2b5bea-6d11-428f-ab1a-1704e4b83188,11537.902381367448,BEŽIGRAD - VEVČE,VEVČE;  osnovna,8a0a71a5-3d3a-4923-bff8-d917d8301ac7,364
12,364,43ad32e4-ebf3-4e5f-b475-a782be9076f7,11243.64031442071,VEVČE - BEŽIGRAD,BEŽIGRAD;  osnovna,a5ea5391-a94d-4101-8f09-6eb49ab0826e,363
5,652,2080cd98-f0c1-4b48-b4a8-59ee716a7927,11620.687037991122,ŠTEPANJSKO NAS. - PODUTIK,PODUTIK;  osnovna,c24f6dfc-af45-4a89-abd8-c18bc8683f4c,346
2,717,0765930a-e0e5-4348-9d21-a75a75b39c64,12447.061477065816,NOVE JARŠE - ZELENA JAMA,ZELENA JAMA;  osnovna,39d131ff-a9c3-4532-9524-bc31812abc5b,737
25,726,f0a1153c-3561-4353-907b-fd379f4a53f2,21854.16406904915,MEDVODE - ZADOBROVA,ZADOBROVA;  osnovna,f425b54d-f76e-4760-b24b-994dd8067a72,727
25,727,75b8d7d2-e6f8-403a-b270-0def59a15b1e,21916.530175066553,ZADOBROVA - MEDVODE,MEDVODE;  osnovna,94561408-304d-47b4-8e28-45dc6e1bbe8e,726
27,730,40cf2663-eb59-4aaf-985e-35342c71753b,13489.082312877448,LETALIŠKA - BTC - NS RUDNIK,N.S. RUDNIK;  osnovna,65b2e2c9-4728-4960-b949-9b4be26e2f7a,1575
2,737,cbe838a5-dc37-44cc-93d8-a0d242739007,12045.694700266498,ZELENA JAMA - NOVE JARŠE,NOVE JARŠE;  osnovna,5d99b4a9-8b33-4fd7-8b26-84f34ee1121d,717
27,764,b3f87b40-5c73-47a5-b511-7a732c366215,4760.634255594705,K BAVARSKI DVOR - BTC-ATLANTIS,K BTC-ATLANTIS;  osnovna,884e7ee2-b6bb-416a-b139-dcc5a798699c,765
27,765,5bbbed72-02f4-451a-a589-88ce98a5530d,5484.490253291876,K BTC-ATLANTIS - BAVARSKI DVOR,K BAVARSKI DVOR;  osnovna,ffe6a1cc-6696-4357-9ac5-d3deacccbb15,764
24,789,50e5ad65-bc9a-4553-8662-aa5dcc140f75,19704.36649566476,BTC ATLANTIS - C. STOŽICE P+R,C. STOŽICE P+R,f6611790-e2ef-439f-95f8-f7607350b6a0,790
24,790,65422d83-3a74-4327-b827-dcb64c5ac4ed,19350.551959046832,C. STOŽICE P+R - BTC ATLANTIS,BTC ATLANTIS,b9b9dc9f-6fed-4797-8250-fba542f648fb,789
11,791,1f1eee75-8ac3-4f07-9170-ea740825436a,14052.298285109982,B BEŽIGRAD - ZALOG,B ZALOG;  osnovna,a85646e2-1999-44b1-9099-d79781553c19,792
11,792,973defef-e03d-4467-a8d5-7c10293232f1,13552.376121818585,B ZALOG - BEŽIGRAD,B BEŽIGRAD;  osnovna,807cb3be-ea13-45b2-aada-5c7762f35940,791
8,798,398ce4f4-13a4-49c8-bb59-d458b000b939,20484.89129008968,GAMELJNE - BRNČIČEVA,BRNČIČEVA;  osnovna,6504c887-7c2a-493e-adfe-cc5677349e15,799
8,799,0720af58-c8a6-4f6a-aae9-270a409411ff,20560.572582578814,BRNČIČEVA - GAMELJNE,GAMELJNE;  osnovna,c9bd5d3d-e200-4e5d-8fae-ba9067aee910,798
21,803,dd27d4f2-d0d3-469a-8339-545e32415d9e,9836.853160751314,BERIČEVO - JEŽICA,JEŽICA;  osnovna,d2f926db-6c8d-485e-b076-84cd9baa7f72,804
21,804,8dbdc9a2-3379-4e17-943e-d95cb14107c6,9840.909724783573,JEŽICA - BERIČEVO,BERIČEVO;  osnovna,44088491-3e9c-4394-a272-c46e17c53873,803
28,873,48ddd282-eba1-4adf-8990-5eceb235f8cc,16632.121153142976,KODELJEVO - MALI LIPOGLAV,MALI LIPOGLAV,c0a15ae1-51ff-4cc6-b836-c6a444e3d262,874
28,874,72831fdd-d07e-4f05-bb44-dc2ebdf4b052,16544.65430097017,MALI LIPOGLAV - KODELJEVO,KODELJEVO,9355f7f0-b922-4a60-bbe4-a11b44a00241,873
29,895,da9e964e-5376-4b76-ba21-623baa4fb6ae,27898.790157733074,KODELJEVO - TUJI GRM,TUJI GRM,c391ec7e-b920-458a-bef8-7939bbed423e,896
29,896,09d0da43-0d30-4331-971e-2a33e2098de7,28051.32846447817,TUJI GRM - KODELJEVO,KODELJEVO,522b7935-f685-431e-966e-86fc3a54268e,895
3,909,3db9e5b8-5cc0-4f06-94de-6637650d9d2e,5814.893461239568,N BAVARSKI DVOR - RUDNIK,N RUDNIK;  osnovna,15d90f06-0b4f-4183-a466-d4b05b05ef8f,910
3,910,15c45fc4-af64-40f5-b9c5-3521141341c1,6549.504761151644,N RUDNIK - BAVARSKI DVOR,N BAVARSKI DVOR;  osnovna,4f1ba367-a1e2-4962-ba82-96d2bdd60924,909
5,911,5fa19102-1a79-4b09-b78f-4ecec4474fb8,13236.949341358595,N PODUTIK - ŠTEPANJSKO NAS.,N ŠTEPANJSKO NAS.;  osnovna,51d36aed-1e75-4c3d-beac-2dcd7bc186ff,912
5,912,eeab899a-6bbc-4fb3-a0b5-6aaad0625ddf,12866.259810571644,N ŠTEPANJSKO NAS. - PODUTIK,N PODUTIK;  osnovna,a129b710-333f-4667-9e6f-13216ff9db87,911
27,913,6b8524fe-4bc0-4825-bbfa-be6930fcf434,7263.84728847464,B BAVARSKI DVOR - BTC - LETALIŠKA,B LETALIŠKA;  osnovna,d497b1d5-3de0-427a-a335-9729b8175d76,914
27,914,d3072548-4ef5-4768-948c-218663748895,8082.0643953920135,B LETALIŠKA - BTC - BAVARSKI DVOR,B BAVARSKI DVOR;  osnovna,fdec7fc2-5263-41b8-865c-670caf8003ea,913
13,936,a041b92d-46f4-42c6-9a08-9cd7021fd668,12875.537275050321,CENTER STOŽICE P+R - SOSTRO,SOSTRO;  osnovna,5e55d79d-c9af-4450-8a33-a70e9233961a,937
13,937,ed426338-b67d-4762-b3eb-4dd8fcdc9864,13039.30978702695,SOSTRO - CENTER STOŽICE P+R,C. STOŽICE P+R;  osnovna,e90fac67-1b27-434d-9426-e74e7447bebc,936
1,943,59793c1a-5716-434d-a0ad-73803ef2fab1,16134.75189797084,B GAMELJNE - MESTNI LOG,B MESTNI LOG;  osnovna,066bf2b8-3f44-4a3f-9d7e-5303e1f08347,944
1,944,1f39d7f8-675d-4527-9145-bb819bc2c86c,16132.521588652633,B MESTNI LOG - GAMELJNE,B GAMELJNE;  osnovna,a56f1447-9aca-47ab-82b7-7b35c8fdb454,943
1,945,baa7d695-33fd-4bf8-b5b6-cc6f16168ee2,8371.253230419296,N BAVARSKI DVOR - BROD,N BROD;  osnovna,73542a8f-be12-4c56-bfba-56bf692110cf,946
1,946,88e8ed49-86bc-4d9b-bced-ee1dd31e46bd,8462.368995594949,N BROD - BAVARSKI DVOR,N BAVARSKI DVOR; osnovna,1d62aa0c-ab8c-4c9a-a4cf-2c3f7526ca4d,945
7,971,50ff788f-6b8c-43cb-ae1b-1bb66f8da6b1,13410.858292794666,L LETALIŠKA - PRŽAN,PRŽAN;  osnovna,bef172ef-3c42-4657-aa6a-f12e4cfc61ed,972
7,972,265aa30b-5dbd-4901-b42b-fcf58c4914c7,13329.616985947221,L PRŽAN - LETALIŠKA,L LETALIŠKA;  osnovna,caaabc6c-d31b-467c-b129-e13116366e99,971
14,987,7ceb5cb4-8a89-4e08-91a5-e77383fb65f4,12721.110901254224,SAVLJE - BOKALCE,BOKALCE;  osnovna,1ad4c9d8-a887-4c7b-bf58-99b151a9315c,988
14,988,4d556044-3ce9-4b84-9919-8289b3a48f12,12793.03670646893,BOKALCE - SAVLJE,SAVLJE;  osnovna,cf4b6357-0319-46a1-93b6-8e8875468401,987
1,1011,1550840b-2dc2-4a3a-9ca9-47105624dfce,6290.078244198365,N BAVARSKI DVOR - VIŽMARJE,N VIŽMARJE;  osnovna,2fa5d6c6-97bf-4e0b-b636-3cc0eeff47e1,
1,1012,e802066f-3228-4eab-adbd-78315d23de32,13276.836024113376,N MESTNI LOG - BAVARSKI DVOR - BROD,N BROD,2c8770bc-dcda-4bc7-9a02-1afbc8d2b360,
1,1013,9825d1ce-a4a7-436d-b9ae-4143246acd29,11705.04109842106,N BAVARSKI DVOR - GAMELJNE,N GAMELJNE;  osnovna,802d88cf-40ea-407a-836b-bf64a3e93882,1021
1,1021,25561e90-6daf-4be2-8b58-8e5ea234e205,11681.325722499854,N GAMELJNE - BAVARSKI DVOR,N BAVARSKI DVOR;  osnovna,17d9ee4b-4976-43e2-856b-4d9aa26e3fc6,1013
1,1024,8d40cbed-eb29-4788-b9c0-1efb1771394d,10131.057249909163,B GAMELJNE - GARAŽA,GARAŽA,ee1efc9a-0efc-483c-90e8-de96ab1a0744,
1,1025,72b9494c-6cbb-474d-b2a5-af0c9d1a106b,6668.429550670639,N BROD - GARAŽA,GARAŽA;  osnovna,4dd1a590-96c7-41c4-967b-6903594dd2ad,
2,1026,bb9a6527-cd2c-4ec2-8793-230e59a45f05,12161.20620217843,NOVE JARŠE - GARAŽA,GARAŽA;  osnovna,be431aab-c85d-45b0-8ae7-d17a4876da9b,
2,1027,95aeff48-e13f-4681-8cff-c622e7026541,6121.8436897978645,ZELENA JAMA - GARAŽA,GARAŽA;  osnovna,c15753dd-710f-4d86-8dc9-62ee686bdba5,
5,1030,b46557b9-ca83-4541-a377-2b910e25bacf,3850.552748613523,PODUTIK - GARAŽA,GARAŽA;  osnovna,55c407b7-4f09-4ff4-afc6-d88ca088da79,
5,1031,63db9a19-debb-4a9f-9f8a-e0e6ccacaf01,8185.8051369230325,ŠTEPANJSKO NAS. - GARAŽA,GARAŽA;  osnovna,5cc56198-b001-4b63-94bc-510e217089c3,
6,1032,02a00f63-fa52-4aad-9fe4-d94228b7cdde,9572.125104610948,ČRNUČE - GARAŽA,GARAŽA;  osnovna,5e342b28-4c37-4850-b9e9-2b558c0a8458,
6,1033,1548976a-90d0-4d81-bab4-6b210ec22e53,7714.48761593127,DOLGI MOST P+R - GARAŽA,GARAŽA;  osnovna,02f6ed0a-c4f6-433e-9ca0-fde25cf26716,
7,1034,340273ea-4353-47e7-afce-ff029819e4a4,7852.619660163823,NOVE JARŠE - GARAŽA,GARAŽA;  osnovna,f2ccd8f5-9822-4cc5-b8dd-42032287b6c9,
7,1035,9d8e3776-327a-4b31-ad14-2100f9b76623,10439.198368454501,L LETALIŠKA - GARAŽA,GARAŽA;  osnovna,56bffa53-e424-4bd1-859a-596fd671d8b0,
7,1036,df889901-4eb0-41d5-97f5-22c54841792b,3787.5440687660252,PRŽAN - GARAŽA,GARAŽA;  osnovna,c92435c0-85fe-4e97-9817-128fac71e753,
8,1037,1f748ea2-0573-4565-936c-8533b07874a6,11371.360498401275,BRNČIČEVA - GARAŽA,GARAŽA;  osnovna,ed3c2335-121a-462b-8998-ca29cbaa63b0,
8,1038,afe2a9c7-4f4c-469a-a965-c28f81605ec3,9660.170801044223,GAMELJNE - GARAŽA,GARAŽA;  osnovna,bc884d87-e3f1-487e-ad6c-985e9fcdc98c,
9,1039,1617e719-4203-4010-9f7a-12772f779f75,8792.799299143273,ŠTEPANJSKO NAS. - GARAŽA,GARAŽA;  osnovna,9bbb645c-ca57-467f-a08a-37ee26a4694f,
11,1042,cd276771-713e-4284-aa9b-98ed62ee1eb8,15649.402581631348,ZALOG - GARAŽA,GARAŽA;  osnovna,e1b0a638-8f7b-45ac-99a0-64652c8aab61,
13,1043,5488ed90-e9ea-4798-8f76-b302b2e70539,6281.669812925439,CENTER STOŽICE P+R - GARAŽA,GARAŽA;  osnovna,af484a8e-e347-40ad-93f8-eb398f64afa5,
13,1044,486b0ddb-ebbd-4a31-9224-e3f18c8bfd92,12436.43320540553,SOSTRO - GARAŽA,GARAŽA;  osnovna,2c4258e1-9f1b-4c2f-bd35-9d7c822e5ac2,
14,1045,39b4d7c2-08e4-4540-899c-66bb9639b84b,10126.99195608531,BOKALCE - GARAŽA,GARAŽA;  osnovna,4a1d1ea0-ef9b-4ceb-8d23-5ae430b365e2,
14,1047,b6df1bee-b7c6-4ca0-b183-7b8bbbe0487f,8619.156395317332,SAVLJE - GARAŽA,GARAŽA;  osnovna,3f2a68d9-93cf-40f8-b376-03970866da6c,
19,1049,24218f48-8ad2-4e24-ae8f-3fa4618e9228,7612.112729557484,I TOMAČEVO - GARAŽA,GARAŽA;  osnovna,40b5cfab-41e5-4304-bddd-36320511b76d,
20,1052,557e73a0-f2bd-49f3-9415-5d2f51f785ed,6223.705595062251,NOVE STOŽICE P+R - GARAŽA,GARAŽA;  osnovna,48d28afb-93a6-40ff-a630-6eae9a27d80f,
22,1053,363d142d-f212-428a-ae90-5a5102c122dd,8919.535500758826,FUŽINE P+R - GARAŽA,GARAŽA;  osnovna,670c39dd-9435-4581-8352-28921acf38a7,
22,1054,e27d5b5b-54d8-4c59-900d-998e67c32453,3478.2156895866597,KAMNA GORICA - GARAŽA,GARAŽA;  osnovna,fb61aa3e-bbb5-450c-9bba-05d765b63b0d,
25,1055,00467874-bd54-4eca-a972-2c6cb93da57b,10980.38530082822,MEDVODE - GARAŽA,GARAŽA;  osnovna,6d32113b-e479-4008-b98c-87643bc171dc,
25,1056,0e06bd8e-2760-476a-9e3e-6b9ede72d9df,11881.905040475749,ZADOBROVA - GARAŽA,GARAŽA;  osnovna,9ff803e2-d54c-4e67-ab6b-78d0d3d85fae,
27,1057,61e12fad-92d9-4962-9a62-cf4796935931,10328.634581884147,LETALIŠKA - GARAŽA,GARAŽA;  osnovna,dfaeddca-50d8-4bb2-bfdd-4a63db9cfb11,
27,1058,8e6d01f2-d9ee-4344-91fb-97d7f2c75fbc,7423.364741227408,K KOLOSEJ - GARAŽA,GARAŽA;  osnovna,e0853d4d-e9fc-4918-8b07-b7b79ad4203a,
1,1060,c59e6522-6f82-48ca-afa3-8f16665b6336,6341.169557551758,N VIŽMARJE - BAVARSKI DVOR,BAVARSKI DVOR;  osnovna,6924f4bf-55e8-45a6-905b-4459b2aea48e,
8,1062,17459235-8c2f-4dcc-aa7a-55a21e5e5076,12198.246927493505,GAMELJNE - BAVARSKI DVOR,BAVARSKI DVOR;  osnovna,a46b7c27-3258-4095-a822-2a5b1e0f0c02,
3,1063,217c9f87-9a88-409f-99b9-64e108e49044,11016.376312638215,N BAVARSKI DVOR - ŠKOFLJICA,N ŠKOFLJICA;  osnovna,755a2d6d-3b68-4141-9503-a981ac458b68,1064
3,1064,647bbc0f-bdd4-497b-83ed-49ff17cc82f7,11756.286643598365,N ŠKOFLJICA - BAVARSKI DVOR,N BAVARSKI DVOR;  osnovna,9a84c6dc-2249-432f-9d79-4abad484f922,1063
28,1075,f4116245-a05f-44ec-9908-5b96cc47a950,16704.60366542735,MALI LIPOGLAV - Vevče - KAJUHOVA,KAJUHOVA,f04ec83c-498b-4036-a69f-7c5d5373d57a,1076
28,1076,4f2a51b1-b2c9-4a7d-9aef-c0fec37b5b92,16694.933411240843,KAJUHOVA - Vevče - MALI LIPOGLAV,MALI LIPOGLAV,22035d41-ace1-49c4-8e88-ca2aca9c8f8c,1075
29,1077,d960a65c-2751-4e58-a627-28803444466e,28422.487792198168,KODELJEVO - O.Š. SOSTRO - TUJI GRM,TUJI GRM,970dabc0-e293-4560-b74f-58f21b2416ca,
29,1078,5b4b9656-8230-465d-b139-641a23e5462a,28275.17334238697,TUJI GRM - O.Š. SOSTRO - KODELJEVO,KODELJEVO,6458b2df-36c4-4924-9158-88cfae0877c5,
29,1079,4f70f0dc-4da1-4c2e-8c2a-0f17d8537f74,22666.22872621946,TUJI GRM - VEVČE,VEVČE,7bab772c-09db-45fc-b7b3-9a898f5d6e7c,1080
29,1080,309e47e5-3ea2-4926-ae86-aafbfa3fe903,22763.54499337277,VEVČE - TUJI GRM,TUJI GRM,b7537b76-a9f5-42ca-ad12-93f3250b4685,1079
71,1081,312125fb-3a11-49a9-ac33-a2cf44e820d2,15540.000970707773,71101 GROSUPLJE-LUČE NA ŠOLI-GROSUPLJE,LUČE-GROSUPLJE,b1e775b5-026a-4999-b58c-2fb21f240eee,
72,1082,37b1efd8-c279-41e5-b756-16daec3ebab1,7147.040689549534,72101 GROSUPLJE-PEČ-POLICA,POLICA,f114eb18-68d8-49e6-935e-f8e9a08b4a22,1083
72,1083,9e5fe859-26c6-4a09-9228-6f6bdfcb7a9c,7091.621177858002,72201 POLICA-PEČ-GROSUPLJE,GROSUPLJE,471e16f8-bbf8-4dad-9c33-e72ca489bf6b,1082
72,1084,9bb5e305-9f56-4be3-8a18-9a09d94a2c72,9379.190835411044,72102 GROSUPLJE-TROŠČINE-POLICA,POLICA,34794948-ee86-4ce2-8163-6ece9a3d03e1,1085
72,1085,e406d281-8a54-40e1-8951-25d988f48b9c,9316.470487292387,72202 POLICA-TROŠČINE-GROSUPLJE,GROSUPLJE,cb21cee5-8d7a-4fc3-a444-dd85716ca7d0,1084
73,1086,f6a31671-2f68-4de6-a0e9-72575256806f,10600.035478866574,73101 GROSUPLJE-ŠKOCJAN,ŠKOCJAN,f120f2bc-a07e-4114-a857-67da2f69047a,1087
73,1087,9bf32320-b07b-450a-bc26-6dbc17cdb0ee,10567.672453819114,73201 ŠKOCJAN-GROSUPLJE,GROSUPLJE,e7dc977a-f87a-46e0-85f0-ff59651555e1,1086
73,1088,428f0030-0b7d-4255-b186-54cc260ad05f,4875.727816249742,73102 GROSUPLJE-ŠT. JURIJ,ŠT. JURIJ,3d676892-6bdb-4170-b6a7-0d7c7b57e80d,1091
75,1089,7b34c370-c1c8-4e37-a5df-ed929306bdc1,2745.55781788754,75101 GROSUPLJE-SP. SLIVNICA,SP. SLIVNICA,0c94c541-adb4-416d-8927-8017f16aa752,1090
75,1090,f5e4afc4-b6a4-405f-a31c-b6c5f140914a,2720.2514278280214,75102 SP. SLIVNICA-GROSUPLJE,GROSUPLJE,d7e4daf6-e35e-4eae-8e77-2b8e61550964,1089
73,1091,1848f39b-a840-4b53-a9ae-41a720fe4c7a,4798.278936859247,73202 ŠT. JURIJ-GROSUPLJE,GROSUPLJE,334b7fc7-7cf4-43ea-b756-65c459fa50ce,1088
73,1092,10cca10c-16ad-4338-8d8f-02c3f234d6df,8480.72368548223,73103 GROSUPLJE-SP. SLIVNICA-ŠT. JURIJ,ŠT. JURIJ,e57d0246-c378-4845-8c68-f4279a197804,
73,1093,10d5c016-0167-49cf-83d4-fcec9a73da46,14199.74915295055,73104 GROSUPLJE-SP. SLIVNICA-ŠKOCJAN,ŠKOCJAN,c19d90eb-6795-4c4e-8c0a-a7abecc10acf,1095
73,1095,e0fa0cf6-7331-415b-80df-a91cac61840f,13965.789589622796,73204 ŠKOCJAN-SP. SLIVNICA-GROSUPLJE,GROSUPLJE,2e254930-092b-40fc-a90c-6fb9ebfd56b8,1093
3,1096,ebf19a96-0d95-4dd5-afaf-697f638771c7,14965.059149001521,B LITOSTROJ - ŠKOFLJICA,B ŠKOFLJICA;  osnovna,c7a2d67d-92ce-4d75-87d4-16baafe3cee8,1553
3,1098,4347c0a1-563d-4628-8abc-8b6bf309b75c,9642.884408583066,LITOSTROJ - RUDNIK,RUDNIK;  osnovna,be878772-e560-4138-8df1-eee44435324f,1100
3,1099,044aac89-1923-4994-b5ac-9e42fcf0ee44,10029.051913291261,LITOSTROJ - RUDNIK,N RUDNIK;  osnovna,be878772-e560-4138-8df1-eee44435324f,
3,1101,5d9ad91c-ad07-40ad-a579-609a374d2c1d,1625.1739117312848,LITOSTROJ - GARAŽA,GARAŽA,ffb63f65-fe6f-4e01-828b-0c721dacfb3e,
6,1109,d149f1be-c2a1-46b6-ad45-e9a81ddb117d,15586.852508958598,B NOTRANJE GORICE - GARAŽA,B GARAŽA;  osnovna,0f8c3068-1e06-42c7-8a46-fcc00a37b019,
40,1112,f1cb5b6e-9de0-4469-96df-7b5f46bb65e4,15321.5635411836,40110 IG-I.Loka-Strahomer-Iška Vas-IG,IŠKA VAS,48e15986-3897-4691-8863-68ddf1c11245,
40,1114,d4d965ed-48f2-4c5e-9f3e-6de716314e04,17042.68646414857,40111 IG-I.Loka-Tomiš.A.-Iška vas-IG,IŠKA VAS,b7e04289-4cf9-4c2a-b163-84a8ed1913d1,
42,1120,45bad2e5-f6e4-446b-bcc4-cc0aa0440299,11871.88102663915,42107 IG-ZAPOTOK,ZAPOTOK,706eab37-1661-4a6d-9808-e1b60bdd9f11,1122
42,1121,c6115c49-2330-4a7e-9ccb-c67b8e777a6b,16365.657804271945,42108 IG-VISOKO-ZAPOTOK,ZAPOTOK,ae6930c4-6f81-42bf-8865-055b277e4318,1123
42,1122,7fe5513a-3a87-42dd-8449-6ac7f1d25ad0,11904.072539469684,42207 ZAPOTOK-IG,ZAPOTOK,364d8c4e-6855-494f-90d5-234f32cb867e,1120
42,1123,5e5edf14-32f0-4e0c-8f4d-f666ca198ab2,16362.115838218468,42208 ZAPOTOK-VISOKO-IG,ZAPOTOK,995f409a-c2ef-428a-8fc5-7fe4ebca46c5,1121
40,1124,12bc3c4c-7b46-4c63-8826-1e13c8841d09,25758.597074951955,40112 IG-I.L.-Tom.A.-Iška-Staje-Mat.-IG,IŠKA VAS,f6abc7ed-878d-451b-a3b0-634862278d71,1148
15,1131,c491a0f8-5c8d-4446-8c9c-0eb1e07cafbd,12557.90501233827,MEDVODE - GARAŽA,GARAŽA; osnovna,48f2a751-bbc2-43b2-9669-3be0af473210,
60,1133,ef3fc487-86b6-4384-b693-9df0121bfe05,26128.138816611532,LJUBLJANA AP - VODICE,VODICE; Vodice -> Utik -> Polje,515c95db-5c6a-403d-889e-026c9c2b9e45,1134
60,1134,5d645c18-e299-487c-9e5c-43b46c03f69c,25624.91471355866,VODICE - LJUBLJANA AP,LJUBLJANA AP; Polje -> Utik -> Vodice,56dad942-cffd-4690-bbab-b0761c7fe35a,1133
61,1135,9f18487e-df95-4ab4-bd9f-a93af06b5c72,9733.973281412564,VOJSKO - VODICE,VODICE,f482224c-52ff-4863-90e4-0dc066068d28,1136
61,1136,d55f5217-99f7-45fa-a9b2-dead44d9400a,9691.827848645555,VODICE - VOJSKO,VOJSKO,2b58a746-bae7-4c34-a27f-4c329a942c18,1135
62,1137,abf018d9-69e6-4105-ae47-e99e780aabe1,15620.527824249175,VODICE - ŠINKOV TURN - VODICE,VODICE; Vojsko,13b1852e-e6f7-476a-90ad-0c4a049e42d9,
19,1144,3c40a877-1c27-41e2-9385-09ed879f08a4,15394.96324835563,I IG AP - GARAŽA,I GARAŽA;  osnovna,33cd3613-b8f2-4cca-b871-d1100c83b7e8,
3,1145,5f661394-4fbc-488a-b1f4-16add7ed9153,25023.117934781716,G BEŽIGRAD - GROSUPLJE,G GROSUPLJE;  osnovna,4f9fa5c8-4f6e-42cf-96c3-aff9fa4a2ea8,1146
3,1146,9ebd9ca2-2ce5-4871-a556-0d6587452fcf,24932.51005586453,G GROSUPLJE - BEŽIGRAD,G BEŽIGRAD;  osnovna,5619d986-6380-48ab-a096-9d8f54cde78e,1145
40,1147,e50aad82-8e6f-4a81-82cb-aade99a155fd,11144.946427809973,40113 IŠKA VAS-Strahomer-I.Loka-IG,IŠKA VAS,39791432-272d-4604-8d5b-7b49f7122fbe,
40,1148,d6871cc7-40e7-42c4-af2f-c15e7dfbae15,11249.752549698946,40114 IG-I.Loka.-Strahomer-IŠKA VAS,IŠKA VAS,146408ae-79e5-4906-9ce8-547b87461806,1124
40,1150,f5a6d600-8a4e-433d-aec4-f37b2d92b47b,12890.207198181994,40116 IŠKA VAS-Tomiš.A.-I.Loka-IG,IŠKA VAS,ee7be62e-7993-472d-8bf5-5681c95494fb,
40,1151,f696cf0e-1f14-4f91-bd41-012ae613d897,3735.251738457334,40118 IŠKA VAS-Kot-Staje-IG,IŠKA VAS,9a805cb1-700b-4f30-ba3b-c7800b23b28d,
40,1152,4ec90ad9-04af-435a-aa1f-7cbbddc57368,12960.14144254214,40117 IG-I.Loka-Tomiš.A.-IŠKA VAS,IŠKA VAS,862cee5e-0cc8-4c3e-8ff7-45b0e5764836,
40,1155,b6eca1ad-d853-40c4-9558-c9ac5cb9d67e,20476.81950557935,40115 IG-I.L.-Tomiš.A.-Iška-Staje-IG,IŠKA VAS,b8c6213b-0084-42a4-8896-5847c4273793,
40,1156,8f8ed5e0-be0a-4f8f-ae99-eca578f12674,16580.32993756701,40119 IG-I.Loka-Tomiš.A.-Iška-IŠKA VAS,IŠKA VAS,158939c2-ac2b-427f-9d80-2d0510a5ad9e,
61,1158,f332ec25-141f-408b-a8b9-22cd70c2175e,17698.333731421608,VODICE - POLJE - VODICE,VODICE; Š. Turn - Zapoge o.,2855d890-2fbb-4310-ad79-5d2a8aca1cb1,
62,1160,c0aa7c48-4081-4dde-842d-87a5525799b7,12129.022435976798,VODICE - ŠINKOV TURN - VODICE,VODICE; Polje,13b1852e-e6f7-476a-90ad-0c4a049e42d9,
43,1161,29b782bc-e1d7-4f6d-8fba-796d2e711375,6299.578138478237,43101 NOTRANJE GORICE-PRESERJE,PRESERJE,871849c3-b55f-4666-8e0b-eb06beec3fe3,1162
43,1162,b001301e-0268-48a2-ba6d-3751cabe2814,6425.940905521611,43201 PRESERJE-NOTRANJE GORICE,NOTRANJE GORICE,b9f63526-4107-47f4-a22b-3ff2d58f6e7e,1161
44,1165,3d16ba03-bee0-4245-b3f8-001c693cf177,15951.260325423696,44101 NOTRANJE GORICE-PRESERJE-RAKITNA,RAKITNA,3427cd72-a80e-4238-81ca-f967e2780728,1167
44,1167,c8680774-cfdf-4797-8587-513960603481,16071.808902094352,44201 RAKITNA-PRESERJE-NOTRANJE GORICE,NOTRANJE GORICE,a60c20f4-a156-467f-845f-f603775ce0cd,1165
82,1168,ff356069-3366-4cfd-a275-a24e3b8e3162,18377.24278902878,82101 LJUBLJANA-ŠKOFLJICA-ŽELIMLJE,ŽELIMLJE,a34179fd-c359-4d9d-be01-db003d63c819,1169
82,1169,6da04ae6-7bf9-4b96-80fc-a396eec983ab,18546.99689529179,82201 ŽELIMLJE-ŠKOFLJICA-LJUBLJANA,LJUBLJANA AP,ae426d11-e974-46c0-af76-82af284e48f6,1168
19,1176,1fc80a7e-a53b-4532-b40c-c8af09393d54,10449.32816668557,TOMAČEVO - BARJE,BARJE;  osnovna,b73e98fd-6dce-4136-aaa7-6bb7f68a0dc1,1179
19,1179,af275848-aae6-476c-959c-8e8f5c806bf4,10564.376010382057,BARJE - TOMAČEVO,TOMAČEVO;  osnovna,0c0e99d2-adfe-4b32-a8ee-f63399f6d965,1176
30,1181,c5a820e4-ba73-439a-9b55-45f331d7ba98,9309.726016497367,MEDVODE - VODICE,VODICE,dab3ff3a-98a5-4bca-87e9-a27e2e7cb177,1182
30,1182,60863de6-344f-4df3-8ffa-63fab840a46a,9615.918042038249,VODICE - MEDVODE,MEDVODE,eb9eeed2-ee6e-4184-b8c3-87ef1039e4ec,1181
60,1183,27d31549-7f55-4f8c-952b-2aa2b8c89d57,29435.568924685067,LJUBLJANA AP - VODICE,VODICE; Vodice -> Š. Turn -> Polje,515c95db-5c6a-403d-889e-026c9c2b9e45,1184
60,1184,e0955977-ca30-4a83-bd3e-abef9995dc98,29051.896346715508,VODICE - LJUBLJANA AP,LJUBLJANA AP; Polje -> Š. Turn -> Vodice,56dad942-cffd-4690-bbab-b0761c7fe35a,1183
61,1185,09fd2d79-d12d-45dd-949b-5fdf90947927,15449.390179124604,VODICE - POLJE - VODICE,VODICE; Š. Turn,2855d890-2fbb-4310-ad79-5d2a8aca1cb1,
60,1186,5bec5ee9-12fb-4509-8ee5-a6f76a867d88,20226.023819376493,LJUBLJANA AP - VODICE,VODICE; Zapoge -> Vodice,515c95db-5c6a-403d-889e-026c9c2b9e45,1189
60,1187,c3b8fc90-ca85-4d52-9159-bc2e7bb91c77,22990.862173189173,LJUBLJANA AP - VODICE,VODICE; Š. Turn -> Vodice,515c95db-5c6a-403d-889e-026c9c2b9e45,1191
60,1188,d5d1dc4c-7dda-45e7-bf1f-4aba4d3ca0df,20046.520899591254,LJUBLJANA AP - VODICE,VODICE; Utik -> Vodice,515c95db-5c6a-403d-889e-026c9c2b9e45,1190
60,1189,ab04583c-8fce-42dd-969a-edcaa4d793a4,19828.838882372907,VODICE - LJUBLJANA AP,LJUBLJANA AP; Vodice -> Zapoge,56dad942-cffd-4690-bbab-b0761c7fe35a,1186
60,1190,d01b5f30-26a6-4667-a025-6cdecb6bbc78,19619.688518908,VODICE - LJUBLJANA AP,LJUBLJANA AP; Vodice -> Utik,56dad942-cffd-4690-bbab-b0761c7fe35a,1188
60,1191,6f04e6c0-d1eb-49c7-a2ef-0733a98deec8,22615.138262435343,VODICE - LJUBLJANA AP,LJUBLJANA AP; Vodice -> Š. Turn,56dad942-cffd-4690-bbab-b0761c7fe35a,1187
28,1192,f3e4834e-a502-49c2-a9c1-c2644527ad5d,9837.079552020754,MALI LIPOGLAV - SOSTRO,SOSTRO,07e83252-d4bf-4e10-b52a-bc34b60f1ede,1267
1,1193,2f69460a-1e93-4f6a-a8e5-bf74c05e58bc,10770.811536578276,MESTNI LOG - VIŽMARJE,VIŽMARJE;  osnovna,1df99d8a-ad5e-4961-ab73-63a2aaa8bc37,1544
1,1196,834784fe-8186-4719-8abe-7e845012b884,17382.55323436842,N MESTNI LOG - BAVARSKI DVOR - GAMELJNE,N GAMELJNE;  osnovna,a273a2c3-a34e-435c-a937-fd74de67ab27,
1,1197,235fd9b9-2903-47e2-ab0f-8882fe15d11f,7344.457205272287,MESTNI LOG - GARAŽA,GARAŽA;  osnovna,9592f7ea-4f4c-4db7-b8cf-1ffdf3197502,
1,1200,40c2032e-7727-48b1-8bc6-b28837bd639e,12987.01477260269,BROD - VIŽMARJE - MESTNI LOG,MESTNI LOG,912fc76c-31d1-4ab1-924d-6aba836a4d94,
51,1202,75ff7a31-01d3-4b7d-b569-a3d702a3442d,20978.285885919875,LJUBLJANA-POLHOV GRADEC,POLHOV GRADEC,4ddce05d-e610-4ae2-a9ae-064e56a7f56a,1203
51,1203,fbdccca8-8fe7-4378-a476-2c6489d3ebe2,20952.059520856343,POLHOV GRADEC-LJUBLJANA,LJUBLJANA AP,5afa324e-18c8-4a4e-81e6-3d14e05ba776,1202
51,1204,b28248a2-33b7-4af6-b759-5866f31ca45d,31242.053143173533,LJUBLJANA-Polhov Gradec-ČRNI VRH,ČRNI VRH,c2eeabb9-4719-4d82-b58a-3d606ca79531,1205
51,1205,699af4ef-e449-4552-a7b6-f691682e78f1,31651.114076447157,ČRNI VRH-Polhov Gradec-LJUBLJANA,LJUBLJANA AP,56f85b71-54a0-4a03-a2fd-778603ca7a09,1204
51,1206,a5647fbb-2bd7-4730-bb1c-a37dd8f72d8c,32422.41612030807,LJUBLJANA-Polhov Gradec-SUHI DOL,SUHI DOL,b0e79b4e-04ec-4058-8684-66df786a95bd,1207
51,1207,08dbb833-2d62-499d-bf30-7f6492dd157b,32427.162076890574,SUHI DOL-Polhov Gradec-LJUBLJANA,LJUBLJANA AP,4853a6ef-b3e4-486e-a02c-b57578341614,1206
52,1208,24662c49-1881-4191-9ea4-3d6a8d1d4ec1,11152.19854579352,POLHOV GRADEC-ČRNI VRH,ČRNI VRH,6be9c038-e428-4077-80b3-57e57350d61a,1209
52,1209,1351410c-1414-4eca-a474-ae15d26a10a9,11083.020448678319,ČRNI VRH-POLHOV GRADEC,POLHOV GRADEC,b06e87ae-32ab-4ec8-be8c-77a770f3d6a9,1208
52,1210,9d4f1c5f-ff77-44b7-ad32-281ab1196c80,4814.6808747634095,POLHOV GRADEC-SMOLNIK ZALOG,SMOLNIK ZALOG,4bba11a7-3ebd-407e-91d6-90ef83c360c8,1211
52,1211,1ee9a856-c5d6-4a20-889e-375f260f786d,4757.794662554328,SMOLNIK ZALOG-POLHOV GRADEC,POLHOV GRADEC,f2fa43e9-141e-4c3f-8fab-41b6f6374597,1210
53,1212,2ab0dfa3-4ec1-4534-a818-a34585a4991b,11192.20702021112,POLHOV GRADEC-SUHI DOL,SUHI DOL,cba38c58-f1c8-4a38-a943-0a275633db4a,1213
53,1213,fe7756dc-0bdf-4acc-9d82-023fa3247fcc,11575.024838957806,SUHI DOL-POLHOV GRADEC,POLHOV GRADEC,9bec4920-19b5-4b8f-84a0-644aae65c225,1212
55,1214,477d8281-64b2-416a-881b-426a9f885699,23986.113772934023,LJUBLJANA-VRZDENEC,VRZDENEC,6424b934-0a26-4395-9d23-32dbe1cb54b1,1215
55,1215,f6c27a36-98f1-49f3-9e7d-1c14dab020c6,24048.711087989683,VRZDENEC-LJUBLJANA,LJUBLJANA AP,87214f0a-7794-42f9-9038-69bd90aea824,1214
55,1216,7d3394e8-620c-409a-b5e8-bef4811ea35b,21534.527458829903,LJUBLJANA-HORJUL,HORJUL,eb0cd2f5-46eb-4b50-8161-917bc3b89820,1217
55,1217,0db5cb5c-b850-4e7f-8aee-0ac8c559e01a,21531.147163831636,HORJUL-LJUBLJANA,LJUBLJANA AP,b8974693-e5b5-4e89-9e1c-88912498ccd8,1216
56,1218,d36e2d52-46ad-4f83-879f-f17da8acbfdf,28509.31504456072,LJUBLJANA-ŠENTJOŠT,ŠENTJOŠT,4989ca33-370e-4e23-8988-e1656c99262f,1219
56,1219,421e75e8-d40c-4944-8ea4-927fb69ce094,28515.128569460143,ŠENTJOŠT-LJUBLJANA,LJUBLJANA AP,c3bcabc2-2076-42d3-bac9-34a494f14809,1218
53,1220,0e6afa0c-1179-443e-802f-31cdc3d68d4f,6316.134974074826,SUHI DOL-ŠENTJOŠT,ŠENTJOŠT,73c0f8b0-dc54-4373-b50d-47e8224c221a,1221
53,1221,aa2acc2f-3da5-48ed-be82-64129de816c8,6261.056187049446,ŠENTJOŠT-SUHI DOL,SUHI DOL,c92d0def-10aa-41af-b1ef-48456a4f233a,1220
24,1222,6d5cdb0d-d09b-4f2f-b77f-b1532c44fab6,6304.943297309996,BIZOVIK - ŽALE,ŽALE;  osnovna,33a63ae9-b362-4e82-9e04-6c1e2ec39a56,1223
24,1223,54eb32bf-fa23-4f00-ad55-827df4380b27,6479.452289628811,ŽALE - BIZOVIK,BIZOVIK;  osnovna,344f8df4-0934-4498-9d94-3d8eda1898e7,1222
47,1224,ed8f2d56-70c0-4aee-80f3-a74ea7fbdff7,21126.364717917535,VRHNIKA - LJUBLJANA,LJUBLJANA AP,8d15e536-b95b-4847-826a-0dd869cf2d7c,1225
47,1225,8db21e5f-493f-43e0-83f9-5bcabc5d70eb,20931.278521599157,LJUBLJANA - VRHNIKA,VRHNIKA,9c9d9ac0-fc16-441e-a01a-952ebb065bbf,1224
64,1226,013bf723-24b4-4ee6-a4db-221c04053646,27944.898536536508,LJUBLJANA AP - LETALIŠČE BRNIK,LETALIŠČE BRNIK,c0146971-26da-4093-9026-13b50f2e8c34,
64,1228,188a3e44-a068-4805-9071-698961b88623,28975.66122354172,LETALIŠČE BRNIK - LJUBLJANA AP,LJUBLJANA AP,5da09f0d-0a87-4999-9aa5-26c096a30b32,
48,1229,98c32123-c57d-4cbd-83d8-3aadc1558393,36952.946079945585,LJUBLJANA - LOGATEC - GRČAREVEC,GRČAREVEC,f887fb87-ff75-4e36-949d-cd584b014f50,
48,1230,41bac9b7-ce46-44c0-bd42-b7119682e9e7,36830.64129921966,GRČAREVEC - LOGATEC - LJUBLJANA,LJUBLJANA AP,e5b5fd05-c81d-4028-bd56-12e88afa4cee,
48,1231,449c5b65-9312-46fa-a876-01ab27e0e698,37998.02668763723,GRČAREVEC - VRHNIKA - AC - LJUBLJANA AP,LJUBLJANA AP,2ea6dd49-37fc-485a-b41e-fddad6becd27,
48,1232,0baed171-ca89-4dc1-80ad-f533b8ae1166,33677.14154461717,LJUBLJANA - VRHNIKA - LOGATEC - KALCE,KALCE,b150dd4b-ecf1-4f47-af2f-1304e6f66557,1233
48,1233,3e5941d4-854f-4989-a032-68d4c929d130,33731.904578305934,KALCE - LOGATEC - VRHNIKA - LJUBLJANA,LJUBLJANA AP,1efb7efc-564d-4caf-983b-0a0d99e61b76,1232
45,1234,4d60cb7f-b48b-4b70-a8d8-09c34ce33396,24787.531638446664,BOROVNICA - LJUBLJANA,LJUBLJANA AP,f26c875d-bcc9-44c2-b706-4c16404531f8,
45,1235,89cb4d44-cc63-4733-9bd5-fb05ce3a7d77,27993.489095196666,LJUBLJANA - PRESERJE/KRIMOM - BOROVNICA,BOROVNICA,4c69b9ac-7be8-407c-933d-9ec5d558e5c4,
49,1236,0875a942-5b66-463a-819d-2e6a60c115c1,37786.51672711839,VRHNIKA JAZON  - BOROVNICA K - LJUBLJANA,LJUBLJANA AP,4f652fdd-715e-492d-8525-5ec25c0a5753,
49,1237,e989bb37-fef4-41db-a3f7-b04801c79410,10714.195146816506,VRHNIKA - BREG PRI BOROVNICI,BREG PRI BOROVNICI,add83309-97da-4cef-9004-6e3f210517d3,
49,1238,ca0d10be-1ceb-4ec4-969d-93943a969c19,10803.710198592229,BREG PRI BOROVNICI - VRHNIKA JAZON,VRHNIKA JAZON,a7b596c3-459e-4250-8b98-38ee5a75e36e,
46,1239,d748d54a-20c0-46cb-aff9-6e527d265e12,15597.881110916707,SMREČJE/VRHNIKA - VRHNIKA JAZON,VRHNIKA JAZON,f89bd1aa-794b-4d94-8a1a-99c85c394858,
46,1240,750746a1-bf5c-4f5b-bae3-119a4ae7505c,16270.538620606772,VRHNIKA JAZON - SMREČJE/VRHNIKO,SMREČJE/VRHNIKO,8972c8ce-343f-4ecd-8fff-90020004386a,
50,1241,073a73f9-38c6-45e0-bfa2-65a51705c47c,8658.216962190863,VRHNIKA - HORJUL,HORJUL,7cf130a7-5cdb-4afc-93e8-79587618559b,
50,1242,aa24d9fb-34ee-4fef-99d5-d5eaba8ba6b7,8353.375953503013,HORJUL - VRHNIKA JAZON,VRHNIKA JAZON,e10e0afd-b4a2-4042-9449-8568f19c3670,
54,1243,03d28989-8139-454a-bc53-c5e8aa4ae724,18775.678767951686,BLATNA BREZOVICA - LJUBLJANA,LJUBLJANA AP,09f70d1d-824c-4159-8efa-0b5807df93cb,
54,1244,24db314b-97f3-4749-8bb6-27477170956f,21435.526017675274,LJUBLJANA -PLEŠIVICA - BL. BREZOVICA,BLATNA BREZOVICA,ddfc4ec0-82bc-47ba-bfdb-0f4d4a832de1,
54,1245,f4bfc138-c03c-432a-bfec-c784b953476b,22157.58612517747,BL.BREZOVICA - PLEŠIVICA - LJUBLJANA,LJUBLJANA AP,e07feb03-3080-4e33-8b71-381eee97a53b,
68,1246,979b5873-d2a9-48fd-bf98-17454f1f7f46,39617.208233796206,LJUBLJANA-Škofljica- ŠENTVID PRI STIČNI,ŠENTVID PRI STIČNI,f34723e1-cbb7-49e5-a002-6f16286c1957,
68,1247,2754750a-b185-4ec8-9b9a-16fdc8681294,40153.428762136595,ŠENTVID PRI STIČNI- Škofljica- LJUBLJANA,LJUBLJANA AP,1e16b862-7433-40a1-babb-ad83a1ebd11a,
68,1248,3579cfae-283c-4670-a6db-f402cf6276c4,34290.64772305668,IVANČNA GORICA - LJUBLJANA,LJUBLJANA AP,a9981b53-9042-48c6-a7d1-d3ae2580cd81,
68,1249,d1357669-17b6-4726-b593-9d3a1ade1eca,3631.4844070770705,IVANČNA GORICA - ŠENTVID PRI STIČNI,ŠENTVID PRI STIČNI,63f87ff8-55e8-45ae-986a-f0ab285f3e10,
69,1250,5e5f8e6a-c72d-45d9-b5f6-47360308ade5,9451.750263690112,ŠENTVID PRI STIČNI - TEMENICA,TEMENICA,9a2c7bab-fb5f-4a49-abaf-4179728dae1f,
69,1251,9d8144a6-b1c3-4848-aa18-af5584acb2b4,9410.79172173594,TEMENICA - ŠENTVID PRI STIČNI,ŠENTVID PRI STIČNI,7fda827d-9a03-46cc-b7f0-ea478ba4bf8e,
76,1252,faf19edd-2333-4479-b55b-059f7cfbe33e,21012.37429926988,IVANČNA GORICA - AMBRUS,AMBRUS,69714989-82a1-4afe-96c1-2966688730a7,
76,1253,142a7f59-53d5-4bf7-a559-e375a1879823,20796.066097143535,AMBRUS - IVANČNA GORICA,IVANČNA GORICA,fcf99a5e-2f3a-40e5-8991-64ec194952f4,
76,1254,c8919271-0dff-45c1-8682-3e71b3ddfc2c,25793.730262338566,AMBRUS - BAKRC - IVANČNA GORICA,IVANČNA GORICA,69c81fd1-3216-43a7-8922-5076fae297eb,
76,1255,23b07f56-4f12-41f0-917c-e49f106e65e5,17645.90572002517,AMBRUS - IVANČNA GORICA ŠC,IVANČNA GORICA ŠC,d3a05606-1569-4dcc-9792-18861f451e29,
77,1256,175704a4-ed3b-4e3c-a561-805df2445b07,20156.569323281794,IVANČNA GORICA ŠC - KRKA - AMBRUS,AMBRUS,e84bf549-da20-4a6e-93f1-39c7b15caf86,
77,1257,b1005133-6031-4706-a0c7-343bd0189403,9634.177548497682,KRKA - IVANČNA GORICA ŠC,IVANČNA GORICA ŠC,c142ebba-39e1-4daa-ac01-2558c2b5e1c1,
74,1258,48ef30a4-685c-4a39-a34d-3caa30e527f0,19055.80421693311,VALIČNA V. - B.ZAGRADCU - IVANČNA GORICA,IVANČNA GORICA,2db0ded3-1c9f-404c-ad05-f1596a46f945,
74,1259,52824c0e-1ccf-4ee1-acb4-b0ecc644164e,18967.965877316445,IVANČNA GORICA - B.PRI ZAGRADCU - V.VAS,VALIČNA VAS,fc3dc776-ac9a-42f4-a12c-405238e92aed,
78,1260,9bc4786a-e935-463d-961f-8e1b236af779,34517.882672766194,LJUBLJANA - AC - GROSUPLJE - VIDEM,VIDEM,f1e40be1-d634-4a4b-8e1b-9d8a6b7281c2,
78,1261,ded57ea6-3bed-47ca-8bdf-3c9215c78272,34347.44494644856,VIDEM - GROSUPLJE - AC - LJUBLJANA,LJUBLJANA AP,b27f74b1-a92d-4251-a5cb-b5311b611358,
79,1262,7adafe5d-8d0f-462b-b9ab-0747cc1df21a,33495.00536466303,VIDEM - TURJAK - LJUBLJANA,LJUBLJANA AP,34a6b48f-0847-4908-abd2-b0fc6a9c8eaa,
80,1263,be1eb2ce-b61d-4b8a-8a04-c6db284d1302,27942.673164472286,BREZJE/DOBREPOLJU - HOČEVJE - IV. GORICA,IVANČNA GORICA ŠC,0c9e7bf5-e997-462c-af1a-0121c484dc84,
80,1264,ae3d49f1-1cae-4246-a572-688a6c58c228,28093.0756031266,IV. GORICA - HOČEVJE - BREZJE/DOBREPOLJU,BREZJE/DOBREPOLJU,483ada16-3ffd-4a56-8d1b-eb56c47f8c95,
81,1265,2ab90aa7-4696-4dc1-b916-26f2a9af7d35,33178.38578865396,KOMPOLJE - V.LAŠČE - TURJAK - ŽELIMLJE,ŽELIMLJE,53cbb716-843a-40b9-9c68-172a36d15042,
81,1266,580253ad-ba49-4d38-8e82-57d87db6cd11,33199.78185719829,ŽELIMLJE - TURJAK - V.LAŠČE - KOMPOLJE,KOMPOLJE/DOBREPOLJU,770f6662-421c-43c4-b8af-94eff0a448e0,
28,1267,1d00cc9e-e76b-4e92-b185-a43ff5d03309,9820.922381217562,SOSTRO - MALI LIPOGLAV,MALI LIPOGLAV,07fa929d-66f2-4901-a158-aa20aee17d06,1192
48,1268,1f018bc7-62a9-495a-a2db-ddc25e13519e,36929.65587956462,LJUBLJANA - GRČAREVEC,GRČAREVEC,fac91903-0937-4751-ade4-43ed4174ec93,1269
48,1269,798253d9-7126-4b49-8baf-fb3a593be3b4,36898.36160715632,GRČAREVEC - LJUBLJANA,LJUBLJANA AP,c44866ef-da56-414f-9127-620a108b7d67,1268
48,1270,5262285c-c37d-40a3-bedb-d16a2b8fdd22,34792.74488561843,KALCE LOGATEC VRHNIKA AC - LJUBLJANA,LJUBLJANA AP,f2f3d019-2915-4a5c-a974-03ecbcf73c07,
48,1271,e53b28e4-9f72-431d-a94a-c9539a855f7a,33740.34251048545,KALCE - VRHNIKA - LJUBLJANA,LJUBLJANA AP,978623a6-357d-46d4-9fda-3551d870a454,1272
48,1272,d3bd38ed-742c-4348-8146-0e5bc9875dbf,33458.9938617898,LJUBLJANA - VRHNIKA - KALCE,KALCE,39f31029-b2ba-4edd-82e1-de4f15e7d26a,1271
68,1274,495a8ef7-dad9-4471-bf0c-d91245716373,34655.4416244221,LJUBLJANA - AC - IV.GORICA - ŠENTVID,ŠENTVID PRI STIČNI,58477501-0e0e-43be-8bf5-e5fc5eb12c85,
68,1275,7b4308ae-0df8-4824-8033-ca600f983018,33475.48520675259,LJUBLJANA - IVANČNA GORICA,IVANČNA GORICA,b4180fcb-b696-4efb-b548-8b4a0cb8e67d,
68,1276,4e4e1302-24d6-45ef-a56b-ef630af5ac81,40460.6471260701,ŠENTVID - Š.C. - V. GORA - GR. - AC - LJ,LJUBLJANA AP,8c06ff78-6c33-436c-816f-07f8f23da660,
78,1277,d2e4f214-2ee4-4955-8f8e-4a33a33a4ef2,17191.375945409312,VIDEM - GROSUPLJE,GROSUPLJE,cf5d88ad-7d27-4dab-be60-8463e5fe81b7,
78,1278,6da2cf38-fec6-4d87-a1a6-4e0a44f8b952,17497.487340023876,GROSUPLJE - VIDEM,VIDEM,46c91128-070e-4266-9674-cb523bc8cbe1,
68,1279,88d0455b-3e48-4cac-bec5-0b900f2a04aa,38957.22019953677,LJ.-AC-GROS.-V.GORA-IV.G.-ŠENTVID,ŠENTVID PRI STIČNI,28365a60-fd82-4562-869a-2598b3e96560,
68,1280,298f4aca-bb34-4fbc-8c22-0ff8951cf0b0,33417.176882001724,LJ.-ŠKOF.-GROS.-VIŠ.G.-IV.GORICA,IVANČNA GORICA,fd3870b5-e4a6-4815-a3f6-442a47d0d52c,
68,1281,29ee889f-cb3f-4d3b-9c81-f835aeddbd4d,33923.51501607313,IV.GORICA-AC-GROSUPLJE-AC-LJUBLJANA,LJUBLJANA AP,c0a253f8-16f7-4a14-b3d7-83eddae31f53,
50,1282,5f679b6c-650f-4cb8-8063-c6cc275fd78a,21734.52014035538,HORJUL - LJUBLJANA,LJUBLJANA AP,cad5abd5-c846-4910-807f-a7210e6e8dd8,
68,1283,fdde508b-368c-4d5c-9403-e863de86c08a,37410.05595800392,ŠENTVID-IV.GORICA-V.GORA-AC-LJUBLJANA,LJUBLJANA AP,b6da4878-47be-4505-9c2a-320134e45918,
45,1285,235780aa-b73f-4699-a055-6637edc2b087,8613.010986972111,BOROVNICA-VRHNIKA JAZON,VRHNIKA JAZON,ee6f04f3-1529-467e-85d3-d02f50cc8d04,
68,1286,d1ae1309-b050-48ca-8267-4990607bac64,17253.161533359755,IVANČNA GORICA-VIŠNJA GORA-GROSUPLJE,GROSUPLJE,3a660b1b-7b43-4cbe-bbc3-5e6acb35f385,
74,1287,9eb2d4ac-7e88-430c-b414-cc9e7803d570,18668.356260886372,ŠC IV.GORICA-KRKA-BREG-REBRCE-VAL. VAS,VALIČNA VAS,e0291259-aad0-4ba2-a083-e1695a14a0c9,
68,1288,e9b9304a-4afd-45a9-b673-89f3633ba59b,5787.855515183392,ŠENTVID PRI STIČNI - IVANČNA GORICA,IVANČNA GORICA,4bbf5c3c-04ae-4ace-972a-8778f8eb0956,
68,1291,96a93d77-d439-44c9-bc5b-8d84883effc9,34841.05910611495,IV.GORICA-V.GORA-GROS.-ŠKOF.-LJ,LJUBLJANA AP,dec023f0-e85e-41bd-aa40-f674d7c4a4d4,
48,1292,e6efee4d-63ec-4271-8e1c-94841fb46fef,31655.642058953432,LJUBLJANA - LOGATEC,LOGATEC,40202cbf-534f-44ba-a487-87058bef4621,
48,1293,db57cd50-98aa-447e-a5d1-e869feffd3bc,31624.15835497496,LOGATEC - LJUBLJANA,LJUBLJANA AP,c5ba8eaf-b408-4f7f-9148-06b3840c30c6,
68,1299,c073a633-3120-4acb-972f-10d7aed1f0a7,55753.57330401014,LJUBLJANA - AMBRUS,AMBRUS,445c4077-ab71-4b20-89ae-fec5920c38d6,
68,1300,387389ca-e1e1-4b00-8570-684f5504b8db,60053.24281509121,AMBRUS-IV.GORICA-STIČNA-LJUBLJANA,LJUBLJANA AP,52a5e92c-1971-4faa-856e-aa8598bc7275,
82,1303,a5e8edb1-e4e1-43de-9600-64905f1a5fa5,7968.875920169217,Želimlje-Pijava Gorica-OŠ škofljica,ŠKOFLJICA,7d2e93a2-e5bd-45ff-b99a-c960575df0ee,
82,1304,4464efb5-7434-4791-9f2a-a4d6daed9332,7778.366458632313,OŠ Škofljica-Pijava Gorica-Želimlje,ŽELIMLJE,a50d33b6-5eda-4deb-81de-ef4dceb20589,
83,1305,571f59d1-a602-4194-bdb7-edd51b3c1575,11257.204908592514,ŠK.-VRH NAD ŽELIM.-PIJAVA GORICA-GLINEK,VRH NAD ŽELIMLJAMI,2892cc6f-13de-4d2c-ab28-2baaf6ede604,
83,1306,f831997f-fc84-41f3-9a05-e49bc9f3fac8,11158.084352906091,VRH NAD ŽELIM.-P.GORICA-SMRJENE-GRAD.-ŠK,ŠKOFLJICA,7d62c11c-1764-4d64-b218-a2920d590103,
84,1307,75c6c963-8627-44a0-a4d5-c9e60b68d84b,17494.640086769738,ŠK.-ŽELIMLJE-DRENIK-G.BLATO-GUMNIŠČE,ŠKOFLJICA,ecdfd365-36e5-4ca4-815a-b3657364f0e1,
84,1308,68f2686a-477d-4374-a541-14e6f5717561,10437.392327368405,ŠK.-GUMNIŠČE-GR.BLATO-DRENIK-ŽELIMLJE,ŽELIMLJE,1dced2b4-6a31-48e5-8b2b-ab63b12c24fa,
86,1309,888b3c1c-620e-4d84-8cae-7bb721ff8d0c,6921.0498472531435,ŠKOFLJICA-LAVRICA-ORLE,ORLE,033a03c7-43bd-4519-9c78-964535b2825b,
86,1310,5aaa3708-c1be-4b6d-8751-d2979c856548,7077.8559653854445,ORLE-LAVRICA-ŠKOFLJICA,ORLE,dbd38f2a-992b-4392-b00f-1e840f2cc72c,
85,1311,36d4edfd-643d-404a-aea6-87f9682648af,23004.757965670997,ŠK.-G.BLATO-ŽELIMLJE-SMR.-VRH NAD ŽEL.,VRH NAD ŽELIMLJAMI,7f470d3d-8683-46db-bebc-5dda09e39096,
19,1312,ac74c783-735b-4f56-b3a7-8b7771ad6fb0,8952.904262476246,BARJE - GARAŽA,GARAŽA;  osnovna,f604d05c-dfbb-4a0d-b2e9-3d1b5970cd65,
54,1318,a9a62e5c-6545-473b-b9b4-fc2db0b51297,20819.816595697936,C OŠ DRAGOM.-MOLE-BL.BREZ.- PLEŠIVICA-OŠ,VRHNIKA VOLJČEVA,0b41f389-f6ec-4ebc-a447-3436679d85b6,
54,1319,87454301-6fbb-4dfc-8109-4ea2ba079905,16438.061517502036,D VRHNIKA VOLJČ.-BL.BREZ.-PLEŠ.- DRAGOM.,DRAGOMER,19f3c4ec-371f-4218-b663-b05d0fa84510,
54,1320,e6d8f1a6-80d7-4371-b9c0-f0ba45bab945,18532.602493053208,B LUKOVICA-DRAGOMER-BL.BREZ.-OŠ LOG,OŠ LOG,82703370-158b-48ac-a3c4-7774aa1c330d,
54,1321,ff623483-615a-41f2-bed9-aa7d1f47964a,10682.904662672387,A BL.BREZOVICA - PLEŠ.- OŠ LOG,OŠ LOG,12fab6f6-27f3-45af-bdba-ac6be1697ae6,
69,1322,6ad3d203-4b24-469c-8942-44644184682c,48935.908374419734,LJUBLJANA - ŠK.-STIČNA-TEMENICA,TEMENICA,8bd3b867-0aab-482a-b21e-8e89f94c3245,
69,1323,9ee13648-3bfd-4f22-b060-446a3768a1c3,50117.942085713476,TEMENICA-ŠENT. PRI STIČNI-ŠK.-LJUBLJANA,LJUBLJANA AP,adee3e6e-b66b-4ae5-a6cf-ac1c533c59ba,
69,1324,9246745c-a611-485b-85bf-fa4f77ffdbfc,48799.640666662686,LJUBLJANA - ŠK.-STIČNA-TEMENICA,TEMENICA,8bd3b867-0aab-482a-b21e-8e89f94c3245,
69,1325,048657a3-79bf-46ff-88d3-0365fbcfe364,48371.75758039895,LJUBLJANA-STIČNA-TEMENICA,TEMENICA,97b30895-a49d-4cb7-8d08-a480720c0f7d,
69,1326,09eaa8d0-52b2-4b66-a60b-94b19fca6161,49124.563675643214,TEMENICA-STIČNA-LJUBLJANA,LJUBLJANA AP,d7812e82-d2da-4600-bda5-c3509692b5fe,
70,1327,b27bcc04-0743-4d02-ab81-c067bf66d2c7,6145.332200206798,B METNAJ-IVANČNA GORICA ŠC,IVANČNA GORICA ŠC,0fac63c0-4b4a-4a30-8d73-8957d809c8b2,
70,1328,0bc3ffa5-c393-4599-8536-1997a80d9e6b,19136.31677756727,A KORINJ-KRKA-V.ČR.-ML.-I.GORICA Š.C.,IVANČNA GORICA Š.C.,9b71c418-b143-442a-b04b-8dd55be95903,
74A,1329,6d826272-c4bf-4824-932a-0097de2d0bc8,10514.408926427544,GROS-SP.DUPLICA-GATINA-PRAPROČE-GROS.,GROSUPLJE AP,6f4fad66-cc2d-4298-a2c1-f1cf45237d60,
75A,1330,ca978f10-a935-4a07-948c-3a65c6d2a3aa,7477.741287076072,GROSUPLJE-BREZJE-GROSUPLJE,BREZJE PRI GROSUPLJEM,cd79fdd1-59c8-49ed-89d2-2bdb9d7b61ef,
76A,1332,a6ddd042-c833-426a-adfb-a0f7cf11d90d,23772.14252032891,PRILESJE-ČUŠPERK-PŠ ŽALNA-AP GROSUPLJE,GROSUPLJE AP,77c0f42b-2544-4e8a-9bf6-83a809358583,
70,1334,6e3d20dc-36c0-4a34-9540-a6af9f86a9b0,11627.671849083514,D MULJAVA OŠ-VELIKE KOMPOLJE-BOJANJI VRH,OŠ MULJAVA,9657d424-f078-4440-9b12-e9110e293605,
70,1335,966ccf7e-32c1-485c-8ea9-eadf689ae91d,4148.2097662032,E OŠ MULJAVA-OSLICE-MEVCE-VRHE,OŠ MULJAVA,32e73881-1f89-4024-b151-91e416440a7d,
70,1336,fa2ee37f-aac5-496d-ade1-c52fccfc0c38,21410.349838390215,F SOBRAČE-P. JAVOR-TEMEN.-STIČNA OŠ F.V.,OŠ FERDO VESEL STIČNA,05b46c11-d0ae-4b3e-8af4-bfb328f9d74d,
70,1337,a268e5fd-cea5-4fd8-b0c3-1c9aec3de2e6,23147.87365818129,G STIČNA OŠ F.V.-DOB-SAD-LUČARJEV KAL,ŠENTVID PRI STIČNI OŠ F.V.,d850f351-6af9-4962-b92b-e467cbd51588,
57,1339,60d0cae3-5321-41a0-b743-e3085086b44e,8019.112438616171,B OŠ AMS-LIGOJNA-RAZPOTJE-SINJA GORICA,SINJA GORICA,e9451582-c490-4e61-95a6-97c2ae08e1d3,
57,1340,9579ad1e-f148-4012-9dff-ca39aa7d9e93,6807.62231779672,E OŠ AMS-S.GORICA AVT.-BL.BREZOVICA,BL. BREZOVICA,6965e051-9842-4675-8fd5-3150b9eb4457,
57,1341,da534b55-ea16-46d4-97e1-a6a8e412190f,9839.51293808919,D VRH. JAZON-S.GORICA-VRTNARIJA-OŠ I.C,OŠ IVANA CANKARJA,06b622b0-dd68-4b90-8a9b-23195c960d03,
57,1342,26e44538-fcfc-478a-a275-133339dd47f7,17118.230688121177,F ULOVKA-ZAPLANA-STRMICA-VRH.OŠ I.C.,VRHNIKA OŠ IVANA CANKARJA,47f6c446-30af-45f0-b8d5-dcf1b8a32c59,
57,1343,2288b1d0-dbc5-458b-9f1b-edae6c6c38ef,11048.13143072251,G VRH. JAZON-V.LIG.-RAZP.-S.G.OBL.,SINJA GORICA OBLAK,cfea9048-06bd-4455-9666-38226ac3dce1,
57,1344,b30cdef3-e748-40d5-8e42-15d4b1d74dcb,25039.3900437424,H OŠ I. CANKARJA-TUR.-STR.-ZAP.-VRH.,VRHNIKA JAZON,626eb700-609a-4e41-aafd-05fb131c7830,
57,1345,506e6e16-9a21-4ac7-ab52-3d861b725f4b,7797.868043723618,I OŠ AMS-V.LIG.-RAZPOTJE-OŠ AMS,OŠ AMS VRHNIKA,7eb0a42f-aec1-4265-b118-68b567cf3a46,
57,1352,adf9f941-0bd9-4fc7-be1a-61675aedeecc,5489.584574899831,J KROŠLJEV GRIČ-ST.VRHNIKA-OŠ AMS,OŠ ANTONA MARTINA SLOMŠKA,7c6687a7-cdb5-4e97-aef3-ac0eeabc6511,
57,1353,a88140b2-a934-4dd2-b45a-a9e38c8ecb6c,7648.191126631423,K PADEŽ/BOROVNICI-ZAV.-OŠ BOROVNICA,OŠ BOROVNICA,0fccb6d2-4547-42ca-a89c-0563db2994b1,
70,1354,b97b4d14-6065-47a4-8088-0895548dc3ae,6526.845051360478,H FUŽINA/ZAGRADCU-GABR.-K.VRH-ZAGRADE OŠ,ZAGRADEC,80cfb277-ad23-4814-b2e2-f8b48e2bb363,
70,1355,ccf333e7-ca49-4088-824b-294dafdcf8fe,3924.6083919842263,I IVANČNA GORICA ŠC-MALA DOBRAVA,MALA DOBRAVA,79aa9bee-d5f4-4ba7-8877-7e8a180bedca,
70,1356,3b1b58f4-aa53-42e8-8ae0-572727d37bbf,16537.225405552006,J VIŠNJA GORA OŠ-LESKOVEC-MLAKE-VRH,VRH NAD VIŠNJO GORO,aedb8123-b9fa-4745-9c18-18c5fe034c11,
70,1357,b2dc67d6-5a37-4e45-af45-a10e660a8508,35102.73674227884,K OŠ F.V.-Luč. kal-Temenica - P.Javor,PUSTI JAVOR,ce61db7e-b0ef-47c5-afbd-3e68ce0af65c,
70,1358,01489b88-462e-42c5-8f17-a54914fc1351,22322.967871596575,L STIČNA-OŠ F.V.-DOB-R.VAS-P.JAVOR,PUSTI JAVOR,a101fc03-b718-4418-be5a-8a6de2c96bac,
70,1359,fbd3f2c2-028c-4fac-affe-d2cad40d5db5,11721.150444604913,M RADOHOVA VAS-ŠKOFLJE-PODBORŠT-STIČNA,STIČNA,142583ad-aff6-4dac-84f6-5e75a21efca9,
70,1360,dbdfc20a-8c1c-4391-9309-02542ab77889,19983.584252511027,N OŠ F.V. STIČNA-RAD.VAS-TEM.-P.JAVOR,PUSTI JAVOR,8df81e6b-70e2-40d4-bd04-e55c526d7e92,
70,1361,7d6b51a1-5102-4726-a896-ac057ffa0d5c,20729.31410281652,O OŠ VIŠNJA G.-NOVA VAS-KR.VAS-SP.BREZ.,SP.BREZOVO,59759535-93cf-49f3-bda7-1b32afaef5fb,
65,1362,b80c9915-0f50-4af9-985a-482652ac3f1c,6488.205392350955,A BREZJE/DOBREPOLJU-KOMP.-DOBREPOLJE OŠ.,DOBREPOLJE OŠ,3fe2071d-6f5a-4297-bbe2-1a428d142cf7,
65,1363,56e02616-eaa5-4c67-83b1-a36c40383244,6214.970602264453,B DOBREPOLJE OŠ-ZDENSKA VAS-PONIKVE,PONIKVE,8923cade-c765-40ed-b4eb-95628e825861,
65,1364,77cb2ced-6449-49ef-8aa4-fa9a308f56c5,6925.497015498168,C ZDENSKA VAS-DOBREPOLJE OŠ,DOBREPOLJE OŠ,791b0076-4874-4adb-81f0-fe3aa973f9dc,
65,1365,9755e39f-9fd8-407e-8c0b-d0484da4d610,3376.5087820377757,D PODPEČ/DOBREPOLJE-DOBREPOLJE OŠ,DOBREPOLJE OŠ,abac6a13-03bf-4d7c-a8fb-fc3f48595d8a,
65,1366,f15f8cc2-bf9a-41d1-8fdb-32afd96beff5,4739.599665406486,E ZAGORICA/DOBREPOLJU-DOBREPOLJE OŠ,DOBREPOLJE OŠ,139db5f1-7c7e-4ab6-a3a8-226faa8755b2,
65,1367,12db7e5d-72a1-4108-85c3-030260c2042c,8757.098406646963,F PONIKVE-PREDSTRUGE-DOBREPOLJE OŠ,DOBREPOLJE OŠ,8ede1bbe-3982-4499-9ef8-afae5a719ded,
57,1368,dedd9e1a-ea96-4721-9872-cea2656fb9f5,16037.458386792756,A VRH.JAZON-SINJA G.OPEK.-BISTRA-OŠ IC,OŠ IVANA CANKARJA,4d7e9aa4-8b4c-464c-b586-69067b5426a3,
20,1369,f854b819-e140-48ef-9d0b-9241b3191945,9074.8645164128,FUŽINE P+R - GARAŽA,GARAŽA;  osnovna,9c4765fa-b129-426d-8444-3e086a79d252,
20,1370,388f83cf-9d2f-4fcf-a0e5-ae34bded242a,9339.192863572394,FUŽINE P+R - NOVE STOŽICE P+R,N. STOŽICE P+R;  osnovna,567801d4-0769-430b-92c4-99edcf5e29ab,1371
20,1371,1fa78300-9bbe-4836-85f3-37407bd37fdc,9443.447712855634,NOVE STOŽICE P+R - FUŽINE P+R,FUŽINE P+R; osnovna,5016088b-2d61-4123-a2c2-132d082112aa,1370
20,1372,7b5071bf-7f91-47ef-83a6-e331db2b34e6,15315.004994421382,Z NOVE STOŽICE P+R - ZALOG,Z ZALOG; osnovna,cebd4511-46f6-4ca4-9fdc-e230be1a2e7b,1373
20,1373,f6e62b28-73c0-47a0-a542-15e2cbedcbda,15307.566702207925,Z ZALOG - NOVE STOŽICE P+R,Z N. STOŽICE P+R; osnovna,8c074789-0a87-4016-874a-a5aeb591c6af,1372
20,1374,005aa87b-d2d8-4260-b81a-6f84dbfd31d8,15029.851424132641,Z ZALOG - GARAŽA,GARAŽA: osnovna,68393b98-c749-4da4-9a89-1ffef76c08de,
76,1375,a686d36e-3fe8-4f7b-9ad0-cc4f99ffad98,30982.20379109842,AMB. - BAK. - AMB. - IV.GOR. Š.C-STIČNA,ŠENTVID PRI STIČNI,89923c99-57d5-4a26-ae47-ed8df9fc08f8,
65,1380,44cbced3-3daf-4106-a046-93f2818d7af1,6706.828129303243,G TISOVEC/STRUGAH-ČETEŽ-POTI.-STR.OŠ,STRUGE OŠ,4819a3e4-bc03-4912-a63a-af78793b7683,
65,1381,d9feac28-90b4-44bd-96a2-5e942f64e2dc,5460.430852137,H STRUGE OŠ RAPLJEVO-PODTABOR-STRUGE OŠ,STRUGE OŠ,c2548a75-2307-49cc-8687-d2d98bb8d7c9,
74A,1382,734e4e91-ece0-495b-90e6-1d8a369c2a37,9856.451139225122,ŠMARJE SAP - PEROVO - GROSUPLJE,GROSUPLJE AP,a1411175-899d-4688-8126-71d432cc0d4f,
18,1386,6bd5123b-730a-4d43-8ba3-fcb8d3aed1e8,16137.838077177415,KOLODVOR - CENTER STOŽICE P+R,C. STOŽICE P+R;  osnovna,bc2e779f-fdaa-40e2-bef2-40c35cf47eab,1387
18,1387,5270a932-70d5-4b6b-9ee7-eca37a29a322,15642.67853424297,CENTER STOŽICE P+R - KOLODVOR,KOLODVOR;  osnovna,be15fb79-85ac-48ac-9099-091b0eb766df,1386
28,1391,120a1588-e8b7-4d97-b51f-8946e756dea4,17845.055455676644,KAJUHOVA - MALI LIPOGLAV,MALI LIPOGLAV,cc132b39-1920-4d55-8308-f44761d9417e,1392
28,1392,eaca8ab3-678d-40e8-b2ab-17f88637de1f,17059.62356053945,MALI LIPOGLAV - KAJUHOVA,KAJUHOVA,15cd865e-ea40-48d7-a9a4-7faa31552616,1391
28,1393,e7d185c0-ab86-47b8-a1ad-c87410bbdb2b,5974.197400026692,KAJUHOVA - GARAŽA,GARAŽA,fae52642-2caa-4340-85b4-22e9b99687b3,
28,1394,4c6092d7-747b-432d-9f13-af763d056f29,12286.428701864206,GARAŽA - KAJUHOVA,KAJUHOVA,425def1b-7e27-4b00-8e12-824e8818e4c8,
29,1395,bc39e471-6e35-4093-b848-a0713844f6f7,27956.64872862324,KAJUHOVA - TUJI GRM,TUJI GRM,58246964-ebf8-416c-bce6-ab0cf08ea275,1396
29,1396,dad1e414-3b0f-4479-8103-7d98edfe2396,27923.991622411424,TUJI GRM - KAJUHOVA,KAJUHOVA,1452ab65-843a-4d3e-84ec-39ea423ccfc3,1395
29,1397,f6a1f36f-440c-4654-9f2b-d3fae9efbb96,5973.777280134943,KAJUHOVA - GARAŽA,GARAŽA,88ca56d2-1609-4261-82c5-b0ffb750f2d8,
29,1398,34b764c5-76ba-4c40-8b11-c46e2ee59dfe,12273.889553154686,GARAŽA - KAJUHOVA,KAJUHOVA,afba5b1d-018a-4086-82cd-b43ec7e24009,
68,1400,e71ac4ed-aa68-40f6-89e9-2bbf26f61afe,40048.634123835895,ŠENTVID PRI STIČNI- Škofljica- LJUBLJANA,Šmarje-SAP,1e16b862-7433-40a1-babb-ad83a1ebd11a,
68,1401,2719c5a8-0513-4c05-a6a4-c144a9a3f1e5,39524.92862123572,LJUBLJANA-Škofljica- ŠENTVID PRI STIČNI,Šmarje sap,f34723e1-cbb7-49e5-a002-6f16286c1957,
69,1402,a0aff7ce-a2fe-49c0-bfa7-191845ceb390,49925.6984367392,TEMENICA-ŠENT. PRI STIČNI-ŠK.-LJUBLJANA,Šmarje sap,adee3e6e-b66b-4ae5-a6cf-ac1c533c59ba,
69,1403,2ddd2b61-8c69-46d1-bc79-9ee6f584e438,48844.580353946076,LJUBLJANA - ŠK.-STIČNA-TEMENICA,Šmarje sap,8bd3b867-0aab-482a-b21e-8e89f94c3245,
40,1404,d9789f13-35c6-46ec-a68f-d2341943f856,8663.93088571448,Strahomer - Iška Loka - Ig,Ig,da51ccac-b9cb-4dfd-8f1d-bfffa4f0ca4d,
40,1405,cb78d4c4-87f6-4622-88be-820d14a81a63,8815.50169128426,Ig-Iška Loka-Strahomer,Strahomer,174b5fde-58bf-41c7-b42a-53b104a9849c,
40,1406,04ff73b9-10c3-4f6e-baf3-68d81281c427,10946.351793210239,Strahomer - Tomišelj A.-Iška Loka-Ig,Ig,94a85071-7cb7-4bb2-b9a4-6babc7b352de,
40,1407,5d204a97-73a5-4b05-8e0e-27424a27ef47,10747.046134737624,Ig-Iška Loka-Tomišelj A-Strahomer,Strahomer,880d77c5-009a-4f4c-98b3-b592aaee0deb,
6,1409,662a3600-8a23-40f4-8d77-b3d0d4afeab9,13977.090649557043,B NOTRANJE GORICE - BEŽIGRAD,B BEŽIGRAD;  osnovna,12015622-67d5-47e9-8fd6-7babf629179d,1563
18,1410,f030eb3d-c4e3-4b80-a6ec-d0f27129eb1c,7531.5979749424905,L KOLODVOR - LITOSTROJSKA,L LITOSTROJSKA;  osnovna,4ed9b1f1-27f0-4f2d-a451-14c45db58d9b,1411
18,1411,8eb8e43c-4612-4590-9346-fede1828318b,7556.210168946065,L LITOSTROJSKA - KOLODVOR,L KOLODVOR;  osnovna,716b9bfe-50a2-4bf7-be09-71d755c055e7,1410
18,1412,e5ba236e-2da5-43d1-ad22-e7d65e9ae79d,8869.3085009717,CENTER STOŽICE P+R - GARAŽA,GARAŽA;  osnovna,cfda22cb-6955-4eac-981d-a6291c0caffc,
21,1418,0b88004a-5518-4c5b-81bb-c25d12cf909f,16750.705593018956,BERIČEVO - GARAŽA,GARAŽA;  osnovna,db167128-a273-46a6-b588-a4ad1a641304,
70,1434,3b145d8f-bd2d-479c-a036-2ac682c86409,6052.037818899904,B METNAJ-IVANČNA GORICA ŠC,METNAJ,0fac63c0-4b4a-4a30-8d73-8957d809c8b2,
70,1435,80c34188-5406-4cbd-a1c5-5d244c43bc01,3918.120516262755,I IVANČNA GORICA ŠC-MALA DOBRAVA,IVANČNA GORICA ŠC,79aa9bee-d5f4-4ba7-8877-7e8a180bedca,
46,1436,30c56265-2b4f-4ebf-970a-53e983fc34d1,25406.499030323146,Žiri - Smrečje - Vrhnika Jazon,Vrhnika,4b778167-0007-4d63-9d83-b66d1d55b0eb,
46,1437,a721194e-c368-4ec1-9a6d-78ad036e3c11,24992.822437746076,Vrhnika Jazon - Smrečje - Žiri,Žiri,69a49247-a530-470d-b3db-5062ecde7917,
11,1445,e2001393-b06a-4a9d-a1fc-380c4dc8c6c2,17980.110111634047,ZALOG - JEŽICA P+R,JEŽICA P+R;  osnovna,1d207f8c-a527-4124-b4bb-f8024747454b,1568
11,1446,9a12aa9f-3430-4892-80ff-48d63ac03c08,8021.223034928717,JEŽICA P+R - GARAŽA,GARAŽA;  osnovna,0b58bfad-32dc-4a7d-af01-9b29c29fb5f2,
21,1451,06d44d04-9bf7-4de4-81b0-3625049a1ef2,14147.29556151526,BERIČEVO - GAMELJNE,GAMELJNE;  osnovna,3ceafaac-854e-46ef-a59b-27dbf080e51a,1452
21,1452,c5f8ca11-be46-461f-bab5-fa343b3fa3bf,14023.17511505106,GAMELJNE - BERIČEVO,BERIČEVO;  osnovna,6c0b4ed6-8396-47c8-9eb5-b76372bb1eea,1451
46,1453,a8c4bab8-1aca-4db4-a26b-3e36842eec04,45933.28993429048,Žiri-Smrečje-Vrhnika Jazon-Ljubljana,Ljubljana,ddfe3336-17f0-49e0-98b2-100bd4fee68a,
46,1454,8b8c8a4a-d1ac-4fcc-bacd-536efbc9ee0e,44320.5283137122,Ljubljana AP-Vrhnika  - Smrečje - Žiri,Žiri,0face3a6-121d-4d70-9b88-dc5d0e0ed07e,
15,1455,fb215d1e-d0f2-4fc2-97d7-5d2137d10171,11512.185637951534,STANEŽIČE - MEDVODE,MEDVODE;  osnovna,1e423c9c-7091-4192-8be6-58f63e4ea0ab,1456
15,1456,7dda9b3f-e269-4be1-ab92-eac8c56a0dd2,11231.222120785465,MEDVODE - STANEŽIČE,STANEŽIČE;  osnovna,97556278-1eb1-48de-ab51-df21463316f2,1455
1,1457,70afd74b-27c5-4d2e-b121-ffc57f407c82,17723.53640876982,D VIŽMARJE - DOLGI MOST P+R,D DOLGI MOST P+R; iz Gameljn,43c6fc71-cdac-47b8-8593-2ee2d2f06463,1636
1,1458,da7d93c7-aaff-47f5-906c-fca594405e49,12267.660176017027,D DOLGI MOST P+R - VIŽMARJE,D VIŽMARJE;  osnovna,fdbb4ef9-2384-45bf-bec6-9f873e6c62f5,1542
1,1459,ca7737fb-16ba-434d-aa52-992f868a001f,8955.1444303227,D DOLGI MOST P+R - GARAŽA,D GARAŽA;  osnovna,fad2a084-bc1f-407a-9d60-e7e9a252b064,
1,1460,3ececc0e-9d23-4eb4-a0fa-87b72cbed4ea,18778.041155556948,N DOLGI MOST - BAVARSKI DVOR - GAMELJNE,N GAMELJNE,d256591e-ca3c-4b63-898c-66170a75dae5,
1,1542,59ada969-616a-4195-9838-85e3df4a1d79,12663.158315943578,D VIŽMARJE - DOLGI MOST P+R,D DOLGI MOST P+R;  osnovna,43c6fc71-cdac-47b8-8593-2ee2d2f06463,1458
1,1544,6ae2bc98-2037-4125-a190-baa82d1948d0,10821.527147528284,VIŽMARJE - MESTNI LOG,MESTNI LOG;  osnovna,34b52180-864a-4ef8-ab64-c7dcc3f2c52a,1193
3,1553,e8f428e7-877b-4fae-8bd0-4eb7a911d463,15001.617297584155,B ŠKOFLJICA - LITOSTROJ,B LITOSTROJ;  osnovna,db781c1d-c7c6-4887-84dd-f1b400752a1c,1096
3,1554,5354240d-1181-4c28-8386-be26de176770,13770.758958102686,B ŠKOFLJICA - GARAŽA,B GARAŽA;  osnovna,479f7256-c0ce-4005-9b19-4bc1f092124e,
3,1561,c975b8c2-6758-42ea-8fa1-87c00cdf9970,8572.889271426635,RUDNIK - GARAŽA,GARAŽA;  osnovna,2339913c-c993-4b30-a2e4-01b8e7b23542,
3,1562,3cb8ceaf-fe81-41f8-b6e3-feee8c796030,9778.44206408395,RUDNIK - LITOSTROJ,LITOSTROJ;  osnovna,9027ea9d-4a91-493f-890a-d9a39271e600,1557
6,1563,b42947d6-7883-4c51-9e52-d62b84db7cfc,13344.747881817499,B BEŽIGRAD - NOTRANJE GORICE,B NOTRANJE GORICE;  osnovna,3fc1f100-bb01-4059-ba6b-6fd9aeb57c55,1409
6,1564,8bb3ba36-76a5-4518-aae3-606964a176cc,11434.78101173381,ČRNUČE - DOLGI MOST P+R,DOLGI MOST P+R;  osnovna,d8b36981-6d06-4580-8513-dec98431a320,345
11,1568,d6cacbf0-93ca-4364-af28-4d29e9540e69,17664.658703602512,JEŽICA P+R - ZALOG,ZALOG;  osnovna,93b156dc-3400-4965-8627-b28fca3a83f8,1445
27,1575,e3a0339b-d102-47d1-915f-7a9989d0f599,13672.26633620553,NS RUDNIK - BTC - LETALIŠKA,LETALIŠKA;  osnovna,75f5e765-4699-48c0-b08d-52321a04d70e,730
27,1576,d1c7fffc-85e3-4e2e-b610-d51162dea836,9272.057231423008,NS RUDNIK - GARAŽA,GARAŽA;  osnovna,4ca04079-fae5-4917-8f4b-46f57737fc17,
19,1579,5b665275-d9ad-4f70-b9d4-e28228ce2772,20334.173138373924,B JEZERO - TOMAČEVO,B TOMAČEVO;  osnovna,c0a5cf1d-b590-4534-8101-68186b899c4b,1580
19,1580,9ecb6b94-5ad9-4576-8fe3-1c1e726f3e3f,20163.87525200638,B TOMAČEVO - JEZERO,B JEZERO;  osnovna,a6ebae30-760e-46b0-a396-50500ec3ccf1,1579
19,1581,71a0614d-68a6-46f9-b6f8-a596cd0ca557,21053.291250834794,I IŠKA VAS - TOMAČEVO,I TOMAČEVO;  osnovna,f08bb885-6f3a-49c2-9d29-935479c596fb,1582
19,1582,8e062799-70b6-4aea-911b-5dbdd12781f5,20985.352674835878,I TOMAČEVO - IŠKA VAS,I IŠKA VAS;  osnovna,d3a5e43c-22f1-4ed5-874c-d73c297d04cc,1581
19,1583,b4124f87-0823-4274-a69b-331c42c8d791,18580.03634658269,B JEZERO - GARAŽA,B GARAŽA;  osnovna,60c71526-0c5b-4542-bc69-9276ecdef300,
19,1584,226673bb-72c3-466c-9b43-a07e3ee40610,19396.812239206087,I IŠKA VAS - GARAŽA,I GARAŽA;  osnovna,5652cb64-730a-4726-b33e-56f2cb23d7ab,
19,1585,83666c35-6460-496c-8a51-bfcc8419029f,16998.90154478248,I TOMAČEVO - IG AP,I IG A.P.;  osnovna,d141efe5-8183-440c-a0a2-f8b3865acbfc,
9,1586,58a9932e-e6e7-4d25-aa53-f8d28b5ca23e,9458.643047422294,BARJE P+R - ŠTEPANJSKO NAS.,ŠTEPANJSKO NAS.;  osnovna,629b2c68-4429-47e7-80b7-c88897876d5a,1587
9,1587,53634c35-3411-4626-b7eb-3fc2785a1ba7,9386.47479451713,ŠTEPANJSKO NAS. - BARJE P+R,BARJE P+R;  osnovna,be671927-810c-44ae-b402-68985b57eeed,1586
9,1588,efe8d3db-4e34-4bb8-a502-a1442ddc1027,6698.982217809009,BARJE P+R - GARAŽA,GARAŽA;  osnovna,7c002e66-b799-4b4b-b689-cb7532235750,
18,1590,1d6f6a1a-0181-462e-ad1c-9d6e6eaeaabd,7381.009984365127,KOLODVOR - GARAŽA,GARAŽA;  osnovna,cbfcfdc3-793b-47e0-b0fd-e4d475b1af5d,
1,1607,8dcdc3cd-7b49-43f5-9770-2f759ec752b1,14867.039471791339,D BROD - VIŽMARJE DOLGI MOST P+R,D DOLGI MOST P+R;  osnovna,bc06ce25-2b63-42de-b71a-13f945ef1433,
57,1608,2f9041f8-7d69-488e-8d01-42b040193855,11644.025269527523,L OŠ IC - Vrnika - Verd - Bistra - Breg,BREG,995884bc-0244-4de9-af1d-d4b55e78d2ff,
57,1609,83e785e8-4cdf-486c-a799-61655f91cc28,16233.803123401252,M OŠ IC - OŠ AMS - Raz. S.G - Opek.,OPEKARNA,7bfb1e43-5c6e-4d9e-b32e-130760b39aa8,
12,1610,c8ae24c9-0c77-43df-bfe2-2476d9063f80,14123.264802110429,VEVČE - BEŽIGRAD,GARAŽA,a5ea5391-a94d-4101-8f09-6eb49ab0826e,
43,1611,1a89f09a-7bdc-4510-8395-de9d9a13a1ad,11140.34577939935,Notranje Gorice - Goričica - Preserje,Preserje,a1d22c8c-9fc3-46c9-9efa-3bbe84d04c3b,
43,1612,0a8eaac9-e1b2-48e3-9b6d-28c399166032,11067.73684754663,Preserje - Goričica - Notranje Gorice,Notranje gorice,0d143902-0a23-4811-854f-9b178437087e,
43,1614,136ed261-d8cb-4fbf-b0b6-09fe6f4400fe,10994.230608133355,Notranje Gorice - Preserje - Goričica,Goričica,8cb91b1f-e905-441a-b533-cf696fb982bc,
43,1613,a9513d8f-0c19-4917-b8ae-e9ca8ba65be3,10904.106458012919,Goričica - Preserje - Notranje Gorice,Notranje gorice,27851eb0-c5a3-4634-8c8c-16eab41765b6,
13,1615,7e0a03ef-bb77-4696-bec1-7d32bc48093d,10910.621477105613,BEŽIGRAD - SOSTRO,SOSTRO,80aae4e2-4cb7-492e-9b91-6e282d06cbb1,
13,1616,e0597eb3-587e-4a89-aa52-4cb5e3edd39d,10353.30406620428,SOSTRO - BEŽIGRAD,BEŽIGRAD,0e0a9cb1-a4ed-4cb5-a617-87b33ece90c0,
12,1617,d0444ae1-498e-4b72-99d9-63bdf9c06048,13434.133716791279,D BEŽIGRAD - PODGORICA,D PODGORICA,c6fd3bc1-f064-4e17-9313-8864baf6fbd1,1618
12,1618,75445348-92ca-4bb5-ae21-5c73212df925,9434.99172647938,D PODGORICA - BEŽIGRAD,D BEŽIGRAD,8cfea638-fdfb-4f77-bd60-f8787740474b,1617
26,1619,6dc83868-6141-4207-bee1-1a3f9f84f203,32860.56406200575,MALI LIPOGLAV - TUJI GRM,TUJI GRM,d5ec7c81-4ce4-4c49-8309-b12bd80d26cf,
26,1620,44b6a776-b3b1-4376-a4bb-31da326ee7a2,32595.31101413167,TUJI GRM - MALI LIPOGLAV,MALI LIPOGLAV,92be8bce-e8eb-48e9-a0b2-e64a09852ec8,
26,1621,98de0c3b-ce55-4817-be6b-1d6a730f685a,12779.727632297403,MALI LIPOGLAV - SOSTRO,SOSTRO,ff656e08-2f7a-40dd-b9d1-26a3d6ef986c,
26,1622,1f448067-2e84-4434-b4be-fe2e678dd38e,10049.117078982285,SOSTRO - MALI LIPOGLAV,MALI LIPOGLAV,4099201d-3aac-45c1-b74e-27cb7826e7e1,
26,1623,8127b777-170b-4a0e-959d-333feabbe6fb,23395.80301122269,MALI LIPOGLAV - SOSTRO,GARAŽA,ff656e08-2f7a-40dd-b9d1-26a3d6ef986c,
26,1624,0f3733ce-08d2-466b-8d5a-da34c1895891,23517.058882292517,TUJI GRM - SOSTRO,SOSTRO,f166e4d4-3523-4e51-a31d-79f1b46694c7,
26,1625,1efc6c96-5328-4398-9f99-a593f19c21e8,23674.63403340623,SOSTRO - TUJI GRM,TUJI GRM,d1a805e7-df9d-4b05-8975-2b8dde5c075a,
26,1626,f0d3e7b2-0241-409a-b02b-388bea93e69b,33972.335226284245,TUJI GRM - SOSTRO,GARAŽA,f166e4d4-3523-4e51-a31d-79f1b46694c7,
24,1627,8d0dfb56-2df2-485d-ab8a-3dbc80aa39db,11291.616162554468,BTC ATLANTIS - VEVČE,VEVČE,b012f556-e084-4791-b4f8-d684a7f5a640,1628
24,1628,646326bd-60b1-4597-bfb8-49a2887eb425,11109.845245065982,VEVČE - BTC ATLANTIS,BTC-ATLANTIS,cb3abfe5-93c8-4286-be8f-26b3038307a2,1627
24,1629,ed9983e8-2082-4c36-988b-b06caaaa4052,15746.286537996973,VEVČE - BTC ATLANTIS,GARAŽA,cb3abfe5-93c8-4286-be8f-26b3038307a2,
23,1630,ff495b52-edc7-4899-a479-076e1aee2a72,3328.516629874814,KAMNA GORICA - PODUTIK,PODUTIK,24cf85b4-3190-4255-9eb1-226ad841fac2,
23,1631,4b28136d-063d-481d-8bda-a0ab0353fc09,3343.726879412782,PODUTIK - KAMNA GORICA,KAMNA GORICA,63dc5eba-7736-4877-b550-988dcbbe2ae9,
12,1632,c9edca44-801c-48b0-8c50-ed4708750a14,11917.352076186782,BEŽIGRAD - VEVČE,VEVČE;ŽALE,8a0a71a5-3d3a-4923-bff8-d917d8301ac7,1633
12,1633,968264ee-8e9e-47ea-b8a4-6c7f9e278bf3,11703.052077341315,VEVČE - BEŽIGRAD,BEŽIGRAD;ŽALE,a5ea5391-a94d-4101-8f09-6eb49ab0826e,1632
12,1634,29cbec26-2ace-4d92-a8b6-0bc7cc44277d,13760.365319586987,D BEŽIGRAD - PODGORICA,D PODGORICA; ŽALE,c6fd3bc1-f064-4e17-9313-8864baf6fbd1,1635
12,1635,f3b8bed8-66e7-48c7-9c90-c3333231ca33,9911.94714893862,D PODGORICA - BEŽIGRAD,D BEŽIGRAD; ŽALE,8cfea638-fdfb-4f77-bd60-f8787740474b,1634
1,1636,432c718f-8665-41fc-81f8-b11d22ccbf60,17462.952318321673,D DOLGI MOST P+R - VIŽMARJE,D GAMELJNE,fdbb4ef9-2384-45bf-bec6-9f873e6c62f5,1457
32,1637,07adfe95-a552-446f-afc2-012cc202e776,8921.841397621532,MESTA HIŠA - LJUB. GRAD - MESTNA HIŠA,VLAK URBAN,cad34172-d172-4d67-b8d6-b2598fe31bc6,
31,1638,f4e254e5-0f90-42fd-b493-c2100716d203,755.3728093724974,Grosuplje AP - Zdravstveni dom Grosuplje,Zdravstveni dom,e0cfaf38-0a2a-485d-b854-a9cff13b7008,1639
31,1639,7ba4b686-1d2a-46f7-8151-f5cf64d88963,733.4323204749638,Zdravstveni dom Grosuplje - AP Grosuplje,AP Grosuplje,269aca98-116c-445e-9933-2940f4d7dd60,1638
18,1640,3b1e463e-07fc-4013-818a-96f164d50018,8394.234230918308,CENTER STOŽICE P+R - KOLODVOR,L KOLODVOR,be15fb79-85ac-48ac-9099-091b0eb766df,1641
18,1641,e1aba885-10e1-4a1e-917c-0fbc855e4f9d,8422.909116012564,KOLODVOR - CENTER STOŽICE P+R,L LITOSTROJ,bc2e779f-fdaa-40e2-bef2-40c35cf47eab,1640
10,1642,fc5cf93e-d78b-41a7-8329-b41214154bbb,21875.808544447245,VIŽMARJE (LIDL) - NS RUDNIK (LIDL),RUDNIK LIDL,7ca3d56a-44ab-4d49-b4b2-f34a92e3938a,1643
10,1643,6e046852-10f5-46a6-857e-85997dbb241a,22204.108923404416,NS RUDNIK (LIDL) - VIŽMARJE (LIDL),VIŽMARJE LIDL,56834d3f-c91c-494e-b795-afe681013b7b,1642
65,1644,249fbf9a-4235-4889-85e0-e5c92cb03c99,10004.351811562812,IDobre. OŠ - Podg. - Brez. - Komp. -Bruh,OŠ Dobrepolje,e9b23541-cf3f-40f0-8ed9-23fe8fe16a6c,
57,1645,e725c547-b9cc-4cd3-a378-d64b8ac59774,29632.49647151769,N OŠ AMS-SINJA G.-RAZP.-PODLIPA-VR.JAZON,VRHNIKA JAZON,b1ea34f5-b474-4092-b0e6-01b2cc9538b7,
57,1646,7383ad4b-64f9-4331-a494-4149ca0bbdc6,8961.469567984424,O OŠ AMS-LIG-SIN.G.OBLAK-OŠ I.C.-VR.J.,VRHNIKA JAZON,7d2f022d-767d-4052-8fd2-3bc814bfb6ed,
26,1647,370628e7-e113-440a-9eef-2eab52e8964d,29926.608912247964,MALI LIPOGLAV - TUJI GRM,TUJI GRM; Po Sostrski,d5ec7c81-4ce4-4c49-8309-b12bd80d26cf,1648
26,1648,b3894095-8816-493c-b92b-68face998421,29660.91934696653,TUJI GRM - MALI LIPOGLAV,MALI LIPOGLAV; Po Sostrski,92be8bce-e8eb-48e9-a0b2-e64a09852ec8,1647
15,1649,664b9ef5-9fc6-4f0e-bf1a-328189c7ee8e,17265.763817163213,STANEŽIČE - MEDVODE - SORA,SORA;,f9e7ce79-0624-43a2-9e67-d5e1a93e421b,1650
15,1650,62b5cd77-9ad6-4934-8efd-829119a9ad8d,17406.87683650063,SORA - MEDVODE - STANEŽIČE,STANEŽIČE;,d80e8568-8f91-4f20-8132-c47842d0f99c,1649
15,1651,4ddfa52c-ae9a-4f75-9faf-e820751ef1d7,14026.241903347132,SORA - GARAŽA,GARAŽA;,9cc1e328-5313-40da-8f75-7364100c938f,
26,1652,ef7ab5b4-d254-44ea-ae37-4603c124d032,20643.205386792513,TUJI GRM - SOSTRO,SOSTRO; po Sostrski,f166e4d4-3523-4e51-a31d-79f1b46694c7,1653
26,1653,ac39c9d4-d043-4d22-b1b6-824bfddf3c17,20728.794529160346,SOSTRO - TUJI GRM,TUJI GRM; Po Sostrski,d1a805e7-df9d-4b05-8975-2b8dde5c075a,1652
15,1654,440eb529-b100-47bf-9ab7-e8414ac90d94,7005.479544402004,STANEŽIČE - GARAŽA,GARAŽA;,6e9ce97c-59a1-4a09-beb2-eac07a7e6bef,
57,1655,ef397e43-c879-4b6f-ac1e-25b578434049,6240.646050895138,P Vrhnika - Kulturni Center - Bistra,Bistra,6ff83e86-f49d-47d3-90e0-0d7269c8e2e8,
57,1656,91142ad4-0247-4873-bac7-8d0d119b00f8,4801.763781779653,R Bistra - Vrhnika Jazon,Vrhnika Jazon,b2e37f77-6422-4981-890a-ac59d2403ed9,
57,1657,5a8ccd80-88df-4dc5-81ba-8e0865fb39fe,11365.365767747415,S Trž. - K.C - Gabrče - Betajn. - Bevke,Bevke,3e879c54-e1cf-4779-8f5f-7e62db1d1f32,
57,1658,fcc91fec-4943-4053-ae5f-10c29f8dbae3,10742.229990831871,T K.C. - OŠ IC - Lošca - S.G. Opek.-V,Vrhnika,5983492c-80ae-4a09-99ea-23ee6574c134,
57,1659,a691611b-dd2f-4496-b57a-eae54b99a918,12232.232748303775,U OŠ IC-K.C.-Rask.-Str.-ŽG Petk,Kulturni Center Vrhnika,0ab29375-caab-4eba-9cd3-3859d4dd9501,
57,1660,a75a2446-635a-4060-84be-0a10d833d4ff,12622.118773216309,V V.Jazon-K.C.-OŠ IC Lošca-Bistra,Bistra,0535ea8e-cfcc-43fd-be81-93d8c015a057,
26,1661,99160867-2590-40f7-8cc2-de183a1cc718,20995.423548056868,TUJI GRM - SOSTRO,SOSTRO;o.š. Sostro,f166e4d4-3523-4e51-a31d-79f1b46694c7,1662
26,1662,a28ee602-c012-4de9-b65e-c4e7cdd30e6a,23061.88104491792,SOSTRO - TUJI GRM,TUJI GRM;o.š. Sostro,d1a805e7-df9d-4b05-8975-2b8dde5c075a,1661
57,1664,b0446572-eed2-48fb-9bc7-2e6a571ffdcf,9334.594244486081,Z  S.Gorica-Opek.Lošca-KC-AMS,AMS,0b8c177e-8c40-477d-8077-e92d47e41fbd,
57,1665,535577fe-1b75-4c3f-b3e0-dfb16314ce8e,12106.937964098319,Z1 Jam.-M.Dol-Pet.-Jaz.-Ras.-Lošca,OŠ IC Lošca,ac5969a9-fb96-4d41-8865-cc32180a258c,
46,1667,daece95b-da90-41f2-af62-72bf017dbea8,73307.89130760204,Žiri-Rovte-Logatec-Lj.-Šk.-Želimlje,Želimlje,b3e40503-472d-4ec2-a231-2648b09e7259,
46,1668,0e405321-0e6f-4a5b-8ba5-6238a593b6d4,71991.95968020336,Želimlje-Šk.-Lj.-Logatec-Rovte-Žiri,Žiri,ecb7aabf-1faf-4665-836b-cf724b16af70,
